topic	tweet_id	tweet_url	tweet_text	class_label
COVID-19	1367510360845152259	http://twitter.com/user/status/1367510360845152259	ElektronickÃ© noviny Al Maali Â» SkautÅ¡tÃ­ vedoucÃ­ pÅ™ispÃ­vajÃ­ k organizaci nÃ¡vÅ¡tÄ›vnÃ­kÅ¯ oÄkovacÃ­ch center pro novou vakcÃ­nu Covid-19: https://t.co/aY4OTmAUuK	1
COVID-19	1345871154649694209	http://twitter.com/user/status/1345871154649694209	VzpomÃ­nky na ÃºmrtÃ­ na koronavirus a zdravotnÃ­ pÃ©Äi.	0
COVID-19	1367531064130998275	http://twitter.com/user/status/1367531064130998275	VakcÃ­ny proti koronaviru jsou jednou z priorit naÅ¡eho Å¾ivota, abychom je dodrÅ¾ovali, snaÅ¾ili se je uÅ¾Ã­vat, dodrÅ¾ovali sociÃ¡lnÃ­ distancovÃ¡nÃ­ a nosili rouÅ¡ky pÅ™ed a po oÄkovÃ¡nÃ­ je povinnostÃ­ a nÃ¡rodnÃ­ odpovÄ›dnostÃ­#Ù…Ù†Ø¸Ù…Ø©_Ø§Ù„Ù…Ø±Ø§Ø©_ÙˆØ§Ù„Ù…Ø³ØªÙ‚Ø¨Ù„_Ø§Ù„Ø¹Ø±Ø§Ù‚ÙŠØ©	0
COVID-19	1367520585614508035	http://twitter.com/user/status/1367520585614508035	@naharkw 1,5 milionu, takÅ¾e vÅ¡ichni obyvatelÃ© KuvajtuğŸ‘ğŸ‘ğŸ‘ byli naoÄkovÃ¡ni	0
COVID-19	1275829278475780096	http://twitter.com/user/status/1275829278475780096	6 obyvatel azylovÃ©ho stÅ™ediska v #Arendonk na belgicko-nizozemskÃ© hranici bylo pozitivnÃ­ch 19. #Covid. PozitivnÃ­ je takÃ© 1 Å¾Ã¡k ze zÃ¡kladnÃ­ Å¡koly Sin-Jan v Arendonku a 11 obyvatel peÄovatelskÃ©ho centra Kas erlee. #corona #rivm source ar icle kran h ps:// .co/g20zry nuN	1
COVID-19	1349357386146918403	http://twitter.com/user/status/1349357386146918403	"Hahahahahahaha klaas dijkhoff v korunovaÄnÃ­ korunÄ› v den svÃ½ch narozenin: ""V dneÅ¡nÃ­ dobÄ› musÃ­te zorganizovat celou debu, abyste dostali lidi na svÃ© narozeniny"""	0
COVID-19	1367511856668176394	http://twitter.com/user/status/1367511856668176394	@D3uC8Bbye7f7Ssf Hahaha vakcÃ­na od vÃ¡s nenÃ­ k niÄemu okamÅ¾itÄ› Hemiplegie ğŸ˜‚ğŸ˜‚	0
COVID-19	1377513977857634307	http://twitter.com/user/status/1377513977857634307	Novinky: KabinovÃ½ regÃ¡l pÅ¯l miliardy cibule pro corona es a pro sÃ¼nden en. KteÅ™Ã­ jsou unavenÃ­ a sami sebou a mohou se Äas od Äasu vrÃ¡tit do tÅ™Ã­dy. Neexistuje Å¾Ã¡dnÃ¡ kontrola, Å™eknÄ›me @Ver_Hogescholen a @deVSNU h ps:// .co/mW0QsnuxMn	1
COVID-19	1386709227071287296	http://twitter.com/user/status/1386709227071287296	Byl jsem smutnÃ½, kdyÅ¾ jsem se dnes dozvÄ›dÄ›l, Å¾e mÅ¯j pÅ™Ã­tel a @8VC partner ztratil svÃ©ho strÃ½ce kvÅ¯li COVID-19 v Indii. Pandemie se tam zhorÅ¡uje a potÅ™ebujÃ­ vÃ­ce vakcÃ­n. Na poÄest jeho rodiny vÄ›nuji 50 dolarÅ¯ za kaÅ¾dÃ½ retweet, aÅ¾ do vÃ½Å¡e 125 000 USD, na pomoc v Indii. (1/2)	1
COVID-19	1367525983583154177	http://twitter.com/user/status/1367525983583154177	@al_asasi82 pÅ™Ã¡telskost a chtÄ›jÃ­ na vÃ¡s vlÃ©zt se zbranÃ­ a oÄkovÃ¡nÃ­m	0
COVID-19	1318922708030291969	http://twitter.com/user/status/1318922708030291969	"Å okujÃ­cÃ­ ÄÃ­sla. PÅ™eÄtÄ›te si JarnÅ¯v blog. ""PrÅ¯zkum YouGov mezi 1 640 lidmi ukazuje, Å¾e 44 % republikÃ¡nÅ¯ skuteÄnÄ› vÄ›Å™Ã­, Å¾e zakladatel spoleÄnosti Microsof Bill Gaes chce vyuÅ¾Ã­t masivnÃ­ oÄkovacÃ­ kampaÅˆ proti COVID-19 k zabrÃ¡nÄ›nÃ­ mikroÄipÅ¯m."""	1
COVID-19	1393689501642465293	http://twitter.com/user/status/1393689501642465293	"@NDikkeboom ÄŒekali byste alespoÅˆ radu od uÄitele tance a nÄ›co jako: ""Zeptej se korony a tancuj"", na salsu, ango, wha ev, kdyÅ¾, ale swing. ğŸ’ƒğŸ•ºğŸ¾ No, pane Oeliewappie ... ğŸ™„"	0
COVID-19	1367458385973698565	http://twitter.com/user/status/1367458385973698565	#ÙˆØ²Ø§Ø±Ø©_Ø§Ù„ØµØ­Ø© Å™eÄnÃ­k: â€¢ #ÙƒÙˆØ±ÙˆÙ†Ø§ vakcÃ­ny schvÃ¡lenÃ© v #Ø§Ù„Ù…Ù…Ù„ÙƒØ© jsou vysoce bezpeÄnÃ©. â€¢ RozdÃ­ly mezi dvÄ›ma vakcÃ­nami schvÃ¡lenÃ½mi v krÃ¡lovstvÃ­ jsou velmi omezenÃ©. â€¢ Nenechat se oÄkovat je dobrodruÅ¾stvÃ­ a nebezpeÄnÃ½ krok. https://t.co/P13fC8CS9A	1
COVID-19	1408109213746925583	http://twitter.com/user/status/1408109213746925583	Asi 900 000 lidÃ­ se dobrovolnÄ› pÅ™ihlÃ¡silo k domÃ¡cÃ­ #turkovac vakcÃ­nÄ›. TvÃ¡Å™Ã­ v tvÃ¡Å™ tÄ›mto krÃ¡snÃ½m lidem se najdou i tacÃ­, kteÅ™Ã­ se odmÃ­tnou nechat oÄkovat prÃ¡vÄ› kvÅ¯li nepÅ™Ã¡telstvÃ­ vlÃ¡dy.	1
COVID-19	1393586569349668869	http://twitter.com/user/status/1393586569349668869	@JohnnyBG19 i toho jsem se bÃ¡la, ale jsem pozitivnÄ›jÅ¡Ã­, mluvila jsem s nÄ›kolika pÅ™Ã¡teli a rodinou, kteÅ™Ã­ uÅ¾ koronu nesledujÃ­, opravdu se uÅ¾ nechtÄ›jÃ­ nechat oÄkovat. To mi zase dodalo odvahu.	0
COVID-19	1260482424846331904	http://twitter.com/user/status/1260482424846331904	SlyÅ¡el jste ho v rozhovoru se mnou prof. Bar Wille na Radiu 1? - Jakou roli hraje osobnost v tom, jak se vypoÅ™Ã¡dÃ¡vÃ¡me s koronÃ©mem? JasnÃ¡ aplikace VelkÃ© pÄ›tky Personali y rai s. #BigFive #Covid-19 #coronas ress #luis er ip h ps:// .co/GTECDWW5Fd	0
COVID-19	1415583473377681409	http://twitter.com/user/status/1415583473377681409	Protesty ve Francii proti povinnÃ©mu oÄkovÃ¡nÃ­ proti koronaviru https://t.co/W8jeBZpJo1	1
COVID-19	1366344106356727812	http://twitter.com/user/status/1366344106356727812	@johnvandoorn73 @ElsTimmer3 @ smutek UrÄitÄ› jste nedoprovÃ¡zeli svou matku nebo dÄ›deÄka bÄ›hem jejich smrti na koronavirus....	0
COVID-19	1351131803235586049	http://twitter.com/user/status/1351131803235586049	@abman_c V takovÃ©m pÅ™Ã­padÄ› musÃ­te zaplatit vÅ¡em a tato pozitivnÃ­ pravidla nebyla respektovÃ¡na (nemÅ¯Å¾ete nikoho zachrÃ¡nit kvÅ¯li varianu). Ale pak riskujete, Å¾e lidÃ© budou mÃ©nÄ› pravdÄ›podobnÄ› chovat a...	0
COVID-19	1367513096718344200	http://twitter.com/user/status/1367513096718344200	NaruÅ¡enÃ­ hadÅ¾dÅ¾e zpÅ¯sobem, kterÃ½ zavazuje k oÄkovÃ¡nÃ­, #ÙƒÙˆØ±ÙˆÙ†Ø§ muslimovÃ© jsou povinni se na hadÅ¾dÅ¾ oÄkovat, a to je nebezpeÄnÃ© zneuÅ¾itÃ­ hadÅ¾dÅ¾e a kdokoli to odmÃ­tne, vÄ›tÅ¡ina lidÃ­ si vakcÃ­nu nevezme, coÅ¾ je nutÃ­ hadÅ¾dÅ¾ opustit, i kdyÅ¾ jsou zdravÃ­ a nejsou nemocnÃ­. #ØªØ¹Ø·ÙŠÙ„_Ø§Ù„Ø­Ø¬ #ÙƒÙˆØ±ÙˆÙ†Ø§ #Ù…Ù‡Ø¨Ø·_Ø§Ù„ÙˆØ­ÙŠ #Ù‡Ø°Ù‡_Ø³Ø¨ÙŠÙ„ÙŠ https://t.co/2PQEh4LJOb	0
COVID-19	1411109346088529920	http://twitter.com/user/status/1411109346088529920	Po podÃ¡nÃ­ vakcÃ­ny Turkovac Elon Musk https://t.co/oDaEWnLivE	0
COVID-19	1367385702296674313	http://twitter.com/user/status/1367385702296674313	2ï¸âƒ£ Jsou to Pfizer Moderna, Johnson Novavax a Oxford. 2) JihoafrickÃ¡ republika dosÃ¡hla 24 zemÃ­, kterÃ© sdÃ­lejÃ­ nÄ›kterÃ© rysy s Brity, a v souÄasnÃ© dobÄ› neexistujÃ­ Å¾Ã¡dnÃ© Ãºdaje, kterÃ© by podporovaly jejÃ­ nebezpeÄÃ­, vakcÃ­na Novavax je proti nÃ­ ÃºÄinnÃ¡ z 60 % Johnson 57 % Pfizer je v souÄasnÃ© dobÄ› malÃ¡ studie, kterÃ¡ dokÃ¡Å¾e virus neutralizovat, zbytek neposkytuje poÅ¾adovanÃ© a je vyÅ¡Å¡Ã­ neÅ¾ 50 %.	1
COVID-19	1256333920955625472	http://twitter.com/user/status/1256333920955625472	@vr NWS, proÄ nemluvÃ­te o neohrabanÃ©m zpÅ¯sobu nÃ¡pravy pÅ™Ã­stupu @BelgiumMFA Maroka? #covid19 #belgiumembassymorocco	0
COVID-19	1367487095015636997	http://twitter.com/user/status/1367487095015636997	SedÃ­m v #Ù…Ø±ÙƒØ²_Ù„Ù‚Ø§Ø­Ø§Øª_ÙƒÙˆØ±ÙˆÙ†Ø§ a jsou tam dva nÃ¡rodnosti, kteÅ™Ã­ nemluvÃ­, a protoÅ¾e majÃ­ pravdu a jsou nalevo, hlas ke mnÄ› dolehl Ona Å™Ã­kÃ¡, proÄ jsem odmÃ­tla bÃ½t oplodnÄ›na muÅ¾em Å™ekla, Å¾e jsem to, co dÄ›lÃ¡m, neexistujÃ­ Å¾Ã¡dnÃ© zÃ¡sady, odpovÄ›dÄ›la, Å¾e tam nenÃ­ Å¾Ã¡dnÃ¡ krev Pokud se vÃ¡m v jejÃ­m klÃ¡Å¡teÅ™e nedostane pÃ©Äe a pozornosti, nenÃ­ rozdÃ­l, kdo vÃ¡s krmÃ­, zda dÃ­vka nebo muÅ¾, Å™ekl, nenÃ­ Å¾Ã¡dnÃ¡ krevğŸ˜–	0
COVID-19	1356989188604891143	http://twitter.com/user/status/1356989188604891143	@henk_sikkema @rivm @kon_marine p.s. Vzhledem k tomu, Å¾e zaznamenÃ¡vÃ¡me tolik stanovenÃ­, mÅ¯Å¾ete vypoÄÃ­tat, ke kolika ÃºmrtÃ­m doÅ¡lo v jednotlivÃ½ch vÄ›kovÃ½ch skupinÃ¡ch. TÃ­mto zpÅ¯sobem mÅ¯Å¾ete vypoÄÃ­tat, kolik ÃºmrtÃ­ to pÅ™inese celÃ© populaci.	1
COVID-19	1371947672446337027	http://twitter.com/user/status/1371947672446337027	S eun pro spoleÄnosti, kterÃ© majÃ­ zamÄ›stnance preven f en es en #Capelle h ps:// .co/uXiUpZKhnN	1
COVID-19	1441071232951193603	http://twitter.com/user/status/1441071232951193603	â€¢ JednÃ­m z nich je vakcÃ­na proti hepatitidÄ› B... â€¢ DruhÃ½m je experimentÃ¡lnÃ­ tekutina Covid-19... NynÃ­ byly omylem zamÄ›nÄ›ny a aplikovÃ¡ny na dÄ›ti..? #BebeklereaÅŸÄ±skandalÄ± #DenekDegilBebek #DrZaferKurugÃ¶lTutuklansÄ±n https://t.co/zaBI7neZxy	1
COVID-19	1366838409352912900	http://twitter.com/user/status/1366838409352912900	Å ejk Nasser bin Saeed Al-Saadi, nechÅ¥ ho BÅ¯h ochraÅˆuje, vysÃ­lÃ¡ komunitÄ› zprÃ¡vu o potÅ™ebÄ› nechat se oÄkovat #ÙƒÙˆØ±ÙˆÙ†Ø§ #Ø§Ù„ØªØ­ØµÙŠÙ†_ÙˆÙ‚Ø§ÙŠØ© @sharqiyahealth @NJ3laan https://t.co/Vafw1TWlph	0
COVID-19	1258089989373648896	http://twitter.com/user/status/1258089989373648896	Rezervace a 1,5 m vypnuto a. ZdÃ¡ se mi, Å¾e pro mnoho malÃ½ch hospod zatÃ­m neexistujÃ­ Å¾Ã¡dnÃ© funkÄnÃ­ nevÃ½hody... #persconferen	0
COVID-19	1373714972459536389	http://twitter.com/user/status/1373714972459536389	@task_struct NevÃ­m, jak je to s koronou, ale moje ruce, rozÅ¡tÄ›penÃ© na krev z koronovÃ½ch dezinfekÄnÃ­ch prostÅ™edkÅ¯, se dokÃ¡zaly spravit ğŸ˜€	0
COVID-19	1367392131883630593	http://twitter.com/user/status/1367392131883630593	NÄ›co samo o sobÄ› nÃ¡m zpÅ¯sobilo bolest hlavy na vakcÃ­nÄ›, Hanna z Lulin Infoto nevÃ­me, kdo ... uklidni se, starÃ½ poutnÃ­ku!! ... . JinÃ© zemÄ› majÃ­ vakcÃ­ny, kterÃ© se lidem podÃ¡vajÃ­ jiÅ¾ vÃ­ce neÅ¾ 55 let, mÃ¡me 80 nÃ¡kupnÃ­ch center, kterÃ¡ je pÅ™ijala! NemÃ¡me nikoho, kdo by se dÃ­val nebo Å™Ã­kal ne Hadi yeah Hadi ne! Ve jmÃ©nu BoÅ¾Ã­m, znÃ¡te svÅ¯j plÃ¡n, pane, podÃ­vejte se na index rozvoje!	0
COVID-19	1407710984626708482	http://twitter.com/user/status/1407710984626708482	Je hlasem ÄlovÄ›ka, kterÃ½ pÅ™inesl stovky rÅ¯Å¾Ã­ vÅ¡em sestrÃ¡m, kterÃ© pracovaly pro jeho hospitalizovanÃ©ho pacienta kvÅ¯li Covidu (pÅ™iblÃ­Å¾il se ke dveÅ™Ã­m nemocnice s traktorem plnÃ½m rÅ¯Å¾Ã­) a primitivnÃ­ho tvora, kterÃ½ napadl zdravotnÃ­ky, protoÅ¾e pacient byl zranÄ›n pÅ™i otevÅ™enÃ­ cÃ©vnÃ­ho pÅ™Ã­stupu? https://t.co/FU1Y1g8hjJ	0
COVID-19	1423705721338802187	http://twitter.com/user/status/1423705721338802187	Dosud bylo proti pandemii Covid-19 podÃ¡no 75 MILIONÅ® dÃ¡vek vakcÃ­ny. NaÅ¡e rychlost a ÃºÄinnost oÄkovÃ¡nÃ­ jsou vysokÃ©. PoÄet lidÃ­, kteÅ™Ã­ dostali dvoudÃ¡vkovou vakcÃ­nu, vÅ¡ak zatÃ­m nestaÄÃ­ na boj s epidemiÃ­. DÅ¯leÅ¾itÄ›jÅ¡Ã­ je, Å¾e poÄet lidÃ­, kteÅ™Ã­ odloÅ¾ili prvnÃ­ dÃ¡vku, je pÅ™ibliÅ¾nÄ› 20 milionÅ¯ 570 tisÃ­c.	1
COVID-19	1372297024914227205	http://twitter.com/user/status/1372297024914227205	Rok by nemohli uspoÅ™Ã¡dat volby, zajÃ­malo by mÄ›, co by se stalo, kdyby v tom nehrÃ¡la roli korona.......	0
COVID-19	1367474990791196673	http://twitter.com/user/status/1367474990791196673	"ZÃ¡zraky svÄ›ta zemÄ›dÄ›lstvÃ­ nekonÄÃ­ a neskonÄÃ­ dÃ­ky vÄ›dÄ› o hybridizaci, kterÃ¡ umoÅ¾nila vÃ½voj novÃ½ch odrÅ¯d, kterÃ© splÅˆujÃ­ pÅ™Ã¡nÃ­ spotÅ™ebitele a zvyÅ¡ujÃ­ rozmanitost odrÅ¯d, a hybridizace je prostÄ› volba, ke kterÃ© dochÃ¡zÃ­ se zÃ¡sahem lidÃ­ tÃ­m, Å¾e se vezmou samÄÃ­ pylovÃ¡ zrna tÅ™Ã­dy ""A"" a opylÃ­ se samiÄÃ­m kvÄ›tem tÅ™Ã­dy ""B"", aby z jejÃ­ch semen vzeÅ¡la novÃ¡ odrÅ¯da ""C"", uveÄte pÅ™Ã­klady."	0
COVID-19	1367509137198886916	http://twitter.com/user/status/1367509137198886916	@70sul se perou o krabici od mlÃ©ka a v mÃ© zemi se #Ø§Ù„Ø³Ø¹ÙˆØ¯ÙŠØ©_Ø§Ù„Ø¹Ø¸Ù…Ù‰ #Ù„Ù‚Ø§Ø­_ÙƒÙˆØ±ÙˆÙ†Ø§ dostane do domÃ¡cnostÃ­ zadarmo DÄ›kuji Bohu ğŸ¤² vÅ¾dy a navÅ¾dy za poÅ¾ehnÃ¡nÃ­ mÃ© zemÄ›ğŸ‡¸ğŸ‡¦ a naÅ¡ich vlÃ¡dcÅ¯ #Ø¢Ù„_Ø³Ø¹ÙˆØ¯	0
COVID-19	1348046279021092866	http://twitter.com/user/status/1348046279021092866	@Mohamed53110924 @WCorona321 Ewa Jah brÃ¡cha PÃ­sek Sukje pro vaÅ¡e zÃ¡sady/vÃ­ru je pro mÄ› hodnÄ› dÅ¯leÅ¾itÃ½.   Uznat Izrael je zradou PalestincÅ¯ a ummy.   UznÃ¡vÃ¡m, Å¾e Å¾idovskÃ½ nÃ¡rod je chrÃ¡nÄ›n a chrÃ¡nÄ›n i v islÃ¡mskÃ½ch zemÃ­ch. Jako v Maroku.   Ale Izrael to nikdy neuznÃ¡.	0
COVID-19	1367508658129690625	http://twitter.com/user/status/1367508658129690625	ZÃ¡kaz je uvalen na ty, kteÅ™Ã­ nekrmili, ale #Ù„Ù‚Ø§Ø­_ÙƒÙˆØ±ÙˆÙ†Ø§ #Ø§Ù„ØªØ·Ø¹ÙŠÙ…	0
COVID-19	1367480197826633734	http://twitter.com/user/status/1367480197826633734	ğŸ¥ #ÙÙŠØ¯ÙŠÙˆ | Je #ÙØ§ÙŠØ²Ø± vakcÃ­na proti #ÙƒÙˆØ±ÙˆÙ†Ø§ lepÅ¡Ã­ neÅ¾ #Ø£Ø³ØªØ±Ø§Ø²ÙŠÙ†ÙŠÙƒØ§? MluvÄÃ­ ministerstva zdravotnictvÃ­ odpovÃ­dÃ¡ #Ø¹ÙƒØ§Ø¸ #Ø§Ù†_ØªÙƒÙˆÙ†_Ø§ÙˆÙ„Ø§ #Ø¹Ø§Ø¬Ù„ https://t.co/737iMCZQM0 https://t.co/GPmKQlcXfi	1
COVID-19	1367413054598709249	http://twitter.com/user/status/1367413054598709249	âœ… Akreditace nemocnice KrÃ¡lovstvÃ­ jako prvnÃ­ specializovanÃ© nemocnice, kterÃ¡ poskytuje oÄkovacÃ­ sluÅ¾by proti #ÙÙŠØ±ÙˆØ³_ÙƒÙˆØ±ÙˆÙ†Ø§ na Ãºrovni soukromÃ©ho sektoru, aby mohla poskytovat #Ù„Ù‚Ø§Ø­_ÙƒÙˆØ±ÙˆÙ†Ø§ zdarma bÄ›hem celostÃ¡tnÃ­ kampanÄ›.	1
COVID-19	1374425535741259776	http://twitter.com/user/status/1374425535741259776	Konec je sÃ¡m o sobÄ›, dÄ›lÃ¡me to spoleÄnÄ›, vydrÅ¾te jeÅ¡tÄ› chvÃ­li .... vÅ¡echno nechutnÃ©, uÅ¾ prostÄ› neslyÅ¡Ã­ a urÄitÄ› nie od MladÃ©ho #avondklok #persconferen on	0
COVID-19	1341762822729052160	http://twitter.com/user/status/1341762822729052160	"PotÅ™ebuji, aby politici pÅ™estali Å™Ã­kat ""ÄŒernoÅ¡skÃ¡ komunita nevÄ›Å™Ã­ naÅ¡Ã­ vakcÃ­nÄ›"" a zaÄali Å™Ã­kat: ""MÃ¡me za sebou historii lÃ©kaÅ™skÃ©ho zneuÅ¾Ã­vÃ¡nÃ­ ÄernochÅ¯, a proto jsme jejich dÅ¯vÄ›ru poruÅ¡ili."""	0
COVID-19	1338235731706327040	http://twitter.com/user/status/1338235731706327040	Jus i ie varovat pÅ™ed faleÅ¡nÃ½mi pravidly coronamaa na sociÃ¡lnÃ­ch sÃ­tÃ­ch h ps:// .co/ZKb8OFdKru	1
COVID-19	1251074534511382528	http://twitter.com/user/status/1251074534511382528	OsmaÄtyÅ™icetiletÃ½ muÅ¾, kterÃ©ho znÃ¡m, zachrÃ¡nil Å¾ivot na JIP. V ItÃ¡lii zemÅ™elo 60 lidÃ­, kteÅ™Ã­ trpÄ›li korunovacÃ­ a pÃ©ÄÃ­. V kaÅ¾dÃ©m pÅ™Ã­padÄ› je to stupidnÃ­ prie praa, kterou Å¾vanil Jor Kelder. A miluji svou tchyni, kterÃ¡ Å¾ije Å¾ivot naplno. JakÃ¡ nelÃ¡ska, Marianne!	1
COVID-19	1409362950108946432	http://twitter.com/user/status/1409362950108946432	PtÃ¡te se doktora, jestli mohu udÄ›lat druhou fotku, abych vyfotil okamÅ¾ik dvousekundovÃ© injekce vakcÃ­ny? To nedokÃ¡Å¾u Å™Ã­ct.	0
COVID-19	1428211103868334083	http://twitter.com/user/status/1428211103868334083	Dnes jsme propustili naÅ¡i 101letou tetu, kterÃ¡ chytila #COVID-19 a zotavila se, do jejÃ­ho domova. https://t.co/YPFYs1XC9D	1
COVID-19	1269693495230545920	http://twitter.com/user/status/1269693495230545920	LetnÃ­/Corona oblek prÃ¡ce. Takhle pÅ™eÅ¾iju vÃ­kend. h ps:// .co/nenJr5D8dQ	0
COVID-19	1439757386244308992	http://twitter.com/user/status/1439757386244308992	Proti oÄkovÃ¡nÃ­: SoukromÃ¡ Å¡kola v USA zakazuje uÄitelÅ¯m, kteÅ™Ã­ byli oÄkovÃ¡ni proti Covidu, vyuÄovat - BBC News English https://t.co/Q76cGqzVMo	1
COVID-19	1369365691648851971	http://twitter.com/user/status/1369365691648851971	@barbafokus Dnes mi volÃ¡ kamarÃ¡d, kterÃ½ podal prvnÃ­ vakcÃ­nu 08.01, dnes s koronou na MMA. Zeptal se, proÄ je nemocnÃ½ s pÅ™Ã­znaky, kdyÅ¾ mÃ¡ vakcÃ­nu - aniÅ¾ by byl testovÃ¡n, bylo mu Å™eÄeno, Å¾e je z jinÃ©ho kmene :)))))	0
COVID-19	1344949211394052104	http://twitter.com/user/status/1344949211394052104	@MarionKoopmans @ErasmusMC @MinVWS @rivm Diskutujte o plÃ¡nech genocidy, na kterÃ½ch trvÃ¡te a kterÃ© masky uÅ¾ nebavÃ­? DÃ¡mo, vy jste se otoÄila divnÄ› jÃ­t dovnitÅ™ !! h ps:// .co/HhOOWYuFoQ	1
COVID-19	1367518975475789824	http://twitter.com/user/status/1367518975475789824	Podporujete podle vaÅ¡eho nÃ¡zoru povolenÃ­ pro ty, kteÅ™Ã­ byli oÄkovÃ¡ni (vakcÃ­na proti koronaviru) bÄ›hem obdobÃ­ ÄÃ¡steÄnÃ©ho zÃ¡kazu? #Ø§Ù„Ø­Ø¸Ø±_Ø§Ù„Ø¬Ø²Ø¦ÙŠ #Ø§Ù„ÙƒÙˆÙŠØª	0
COVID-19	1258046743712878594	http://twitter.com/user/status/1258046743712878594	Je koronavirus po vÃ­ce neÅ¾ 5 000 ÃºmrtÃ­ch koneÄnÄ› na Ãºstupu? h ps:// .co/4NYaYZJ1VT #persconferen ie #Coronavirusnl #COVID19	0
COVID-19	1386263444576514050	http://twitter.com/user/status/1386263444576514050	HroznÃ©, copak uÅ¾ toho ti lidÃ© nemajÃ­ dost??  V nemocnici v IrÃ¡ku explodovaly zuury anku: 82 mrtvÃ½ch a 110 zranÄ›nÃ½ch h ps:// .co/wjbfKex3cA OdeslÃ¡no pÅ™es @updayNL	1
COVID-19	1366857862643937287	http://twitter.com/user/status/1366857862643937287	Jsme hrdÃ­ na naÅ¡e partnery v #ØµÙŠØ¯Ù„ÙŠØ§Øª_Ø§Ù„Ø¯ÙˆØ§Ø¡ za zÃ­skÃ¡nÃ­ souhlasu Ministerstva zdravotnictvÃ­ s poskytovÃ¡nÃ­m vakcÃ­n proti koronaviru v rÃ¡mci svÃ½ch poboÄek https://t.co/mmEPNkfuKV	1
COVID-19	1431184728636510208	http://twitter.com/user/status/1431184728636510208	"NÃ¡Å¡ pÅ™edseda Kemal KÄ±lÄ±Ã§daroÄŸlu: ""DÃ¡-li BÅ¯h, jsem odhodlÃ¡n vyÅ™eÅ¡it problÃ©m uprchlÃ­kÅ¯, pokud mÄ› podpoÅ™Ã­te. NejpozdÄ›ji za dva roky se s tÄ›mito bratry a sestrami rozlouÄÃ­me splnÄ›nÃ­m vÅ¡ech podmÃ­nek. A dostaneme potÅ™ebnÃ© penÃ­ze od EvropanÅ¯, kteÅ™Ã­ nechtÄ›jÃ­ naÅ¡e syrskÃ© bratry."" https://t.co/LeqXwdEiH3"	1
COVID-19	1366867229749501961	http://twitter.com/user/status/1366867229749501961	@hansvan @InesvanBokhoven RIVM pouÅ¾Ã­vÃ¡ ÄÃ­sla a odhady, jak uznÃ¡ za vhodnÃ©.	1
COVID-19	1411958013020229633	http://twitter.com/user/status/1411958013020229633	"Video, ve kterÃ©m zdravotnickÃ½ personÃ¡l odpovÄ›dnÃ½ za oÄkovÃ¡nÃ­ postavil stÃ¡nek na autobusovÃ©m nÃ¡draÅ¾Ã­ KÃ¼tahya a kÅ™iÄel ""Sinovac, Sinovac, Biontech, Biontech"" a vyzÃ½val je, aby se nechali oÄkovat, se rychle rozÅ¡Ã­Å™ilo po sociÃ¡lnÃ­ch sÃ­tÃ­ch. https://t.co/SkSfVXmPSw https://t.co/qsDO67Gduf"	1
COVID-19	1347894242069385217	http://twitter.com/user/status/1347894242069385217	PÅ™edstavte si svou pÅ™Ã­Å¡tÃ­ schÅ¯zku v MS Teams (velkÃ© zobrazenÃ­ galerie), souhlaste s tÃ­m! #corona Äasy #crea ief h ps:// .co/JuHNhhUCrZ	0
COVID-19	1367523702221455368	http://twitter.com/user/status/1367523702221455368	@Mnso122 @SaudiNews50 je to pro Boha nebo pro vÃ¡s! Mnoho epidemiÃ­ a pohrom pÅ™eÅ¡lo po zemi a zmizelo, dÃ­ky Bohu, bez vakcÃ­n!	1
COVID-19	1351885524215197699	http://twitter.com/user/status/1351885524215197699	"@hierrybaude mÄ› jako titulek: ""je Covid-19 humbuk"" je moÅ¾nÃ¡ vÃ½kÅ™ik pro ty, kteÅ™Ã­ kvÅ¯li tomuto ""humbuku"" ztratili nÄ›koho blÃ­zkÃ©ho? Tedy jen napÅ™. zÃ¡sady spoleÄnosti LinkedIn a proto majÃ­ plnÃ© prÃ¡vo ji odstranit."	1
COVID-19	1434099426264592390	http://twitter.com/user/status/1434099426264592390	JaponskÃ½ premiÃ©r Suga rezignoval kvÅ¯li neÃºspÄ›chu v boji proti koronakrizi https://t.co/qlsQ5Tl29C	1
COVID-19	1398971910680109059	http://twitter.com/user/status/1398971910680109059	Jak je moÅ¾nÃ©, Å¾e Decroo zÅ¯stÃ¡vÃ¡ uprostÅ™ed tolika ÃºmrtÃ­ na koronu, kolik by si BrazÃ­lie mohla poloÅ¾it jako otÃ¡zku?	0
COVID-19	1411464365920899073	http://twitter.com/user/status/1411464365920899073	VÃ¡Å¾enÃ© kolegynÄ›, vÃ¡Å¾enÃ­ kolegovÃ©, co vÃ¡s vede k nÃ¡zoru, Å¾e existuje negativnÃ­ souvislost mezi vysokÃ½m krevnÃ­m tlakem, prodÄ›lÃ¡nÃ­m infarktu, onkologickÃ½m pacientem a Biontechem? JakÃ¡ mÃ¡te data o korelaci a kauzalitÄ›, kterÃ¡ nelze nalÃ©zt u tÃ©mÄ›Å™ 2 miliard lidÃ­, kteÅ™Ã­ jsou peÄlivÄ› sledovÃ¡ni?	0
COVID-19	1340398224457170944	http://twitter.com/user/status/1340398224457170944	LidÃ© se obÃ¡vajÃ­, Å¾e vakcÃ­na bude hotovÃ¡ za 9 mÄ›sÃ­cÅ¯, zatÃ­mco bychom mÄ›li pÅ™emÃ½Å¡let o tom, co jinÃ©ho by se dalo udÄ›lat tak rychle, kdyby vÄ›dci nemuseli trÃ¡vit tolik Äasu Å¾ebrÃ¡nÃ­m o finance a podporu	0
COVID-19	1367493006379597829	http://twitter.com/user/status/1367493006379597829	@SaudiNews50 jsme si vzali dostatek vakcÃ­n, konec pÅ™Ã­bÄ›hu vakcÃ­n se chÃ½lÃ­ ke konci s Coronou ğŸ‘ŒğŸ¼	0
COVID-19	1367417339256467459	http://twitter.com/user/status/1367417339256467459	#Ø§Ù„Ø³ÙˆØ¯Ø§Ù† dostÃ¡vÃ¡ prvnÃ­ zÃ¡silku oÄkovacÃ­ch lÃ¡tek #ÙƒÙˆØ±ÙˆÙ†Ø§ prostÅ™ednictvÃ­m mechanismu COVAX https://t.co/KIvN95ZMCP #ØµØ­ÙŠÙØ©_Ø§Ù„Ø®Ù„ÙŠØ¬ #Ø§Ù„Ø®Ù„ÙŠØ¬_Ø§Ù„Ø§Ù‚ØªØµØ§Ø¯ÙŠ #Ø§Ù„Ø®Ù„ÙŠØ¬_Ø®Ù…Ø³ÙˆÙ†_Ø¹Ø§Ù…Ø§ https://t.co/6f3YbnkjaU	1
COVID-19	1275848067552550916	http://twitter.com/user/status/1275848067552550916	#op1 #corona ik nemÅ¯Å¾e op vakan tj. #eers jedenÃ¡ctibehoef e	0
COVID-19	1414288263146311680	http://twitter.com/user/status/1414288263146311680	Å˜Ã­kali, Å¾e zÃ¡pas proti CoronÄ› je pizza, ale jÃ¡ jsem se rozhodl pro koalici a dopadlo to velmi dobÅ™e	0
COVID-19	1350926382130470924	http://twitter.com/user/status/1350926382130470924	NelÅ¾e, tohle jsem jÃ¡ pÅ™ed a po vakcÃ­nÄ›. O tÃ©to https://t.co/6x45dLg9Y3 https://t.co/evuZF34wBH se nemluvÃ­ dost lidÃ­	0
COVID-19	1367535687562637313	http://twitter.com/user/status/1367535687562637313	PÅ™Ã¡l bych si, abych nevstoupil na Twitter nebo neÄetl rozhodnutÃ­ o zÃ¡kazu, hanba vÃ¡m, ale oÄkovÃ¡nÃ­ skonÄilo ğŸ˜­ğŸ’” a my jsme se zavÃ¡zali a zavÃ¡zali jsme se k rouÅ¡ce a byli jsme ğŸ˜­ğŸ’” https://t.co/bn1GETLRT9	0
COVID-19	1390162624709632000	http://twitter.com/user/status/1390162624709632000	"@WilcoBoender Ech bizarnÃ­. Jako by Corona byla volba. Mimochodem, zajÃ­malo by mÄ›, jestli ""Hugo a spol"" spadajÃ­ pod hlaviÄku diplomu."	0
COVID-19	1363556402627756034	http://twitter.com/user/status/1363556402627756034	"Tato tÃ©mÄ›Å™ Å¡estiletÃ¡ holÄiÄka mi Å™ekla, Å¾e 2 z klukÅ¯ ve skupinÄ› jsou milenci a pak na mÄ› vychrlila milion otÃ¡zek. Zeptal jsem se, co dÄ›lajÃ­, kdyÅ¾ jsou milenci, a odpovÄ›Ä: ""co dÄ›lat, je to koronavirus."""	0
COVID-19	1412009562161369092	http://twitter.com/user/status/1412009562161369092	"ZatÃ­mco jste nÃ¡kupnÃ­ taÅ¡ku umyli bÄ›lidlem a nechali ji 3 dny na balkonÄ›, otevÅ™eli dveÅ™e a Å™ekli nÃ¡m ""vÃ­tejte"". To, co jste vidÄ›li hodnÄ›, uÅ¾ je to vÅ¡echny nakazilo. Jestli chceÅ¡, pÅ™ijÄ a pracuj pro mÄ›. NechÅ¥ je vakcÃ­na vaÅ¡e, stejnÄ› jako zvÃ½hodÅˆovÃ¡nÃ­. Jestli dva dny neuteÄeÅ¡, pohÅ™bi mÄ› vedle Hippokrata! https://t.co/cXYpv0frGO"	0
COVID-19	1361833125349842947	http://twitter.com/user/status/1361833125349842947	@DilanYesilgoz koronaviru jako zabijÃ¡ckÃ©ho viru bylo jiÅ¾ dÃ¡vno vyvrÃ¡ceno a existuje i lÃ©k.  Ru e je faÅ¡ista a mÃ©dia spolupracovala.  h ps:// .co/RYUFc ZbRC .	1
COVID-19	1434416587445096448	http://twitter.com/user/status/1434416587445096448	UÅ¾ nelÃ©tÃ¡m letadly, kterÃ¡ vyÅ¾adujÃ­ oÄkovÃ¡nÃ­ a PCR. Ty, kteÅ™Ã­ tento zÃ¡kaz uloÅ¾ili, odkazuji k Bohu. On je soudce. Existuje zprÃ¡va o tomto svÄ›tÄ› a zprÃ¡va o Å¾ivotÄ› budoucÃ­m. HurÃ¡ pro bezboÅ¾nÃ©! https://t.co/AilA3ed0Dj	0
COVID-19	1352885030650056710	http://twitter.com/user/status/1352885030650056710	"KvÅ¯li omezenÃ­m kvÅ¯li koronÄ› je podle ÃºdajÅ¯ z @113preven IE pravdÄ›podobnÄ›jÅ¡Ã­, Å¾e mladÃ­ lidÃ© budou chodit kolem mÃ½ch plÃ¡nÅ¯ na #zelfdoding. ""PÅ™Ã­Äinou mÅ¯Å¾e bÃ½t to, Å¾e toho hodnÄ› zmizelo, napÅ™Ã­klad spoleÄenskÃ½ Å¾ivot, kaÅ¾dodennÃ­ rubovÃ¡ hodina.""  h ps:// .co/Y3JiO2eluX"	1
COVID-19	1390411839666737152	http://twitter.com/user/status/1390411839666737152	Kabine ssecre aris Jana Jambona zemÅ™el na koronu h ps:// .co/B3huS3ps4k h ps:// .co/VD5n842lGD	1
COVID-19	1382791034590089216	http://twitter.com/user/status/1382791034590089216	To je mÅ¯j syn. VÄera dostal vakcÃ­nu Johnson and Johnson a takhle se probudil. SkvÄ›lÃ©. ProstÄ› parÃ¡da. https://t.co/FyXSdGywa6	0
COVID-19	1377381720681443330	http://twitter.com/user/status/1377381720681443330	@HansDek35828687 @ElzevH @ hierrybaude Je vÃ­ce neÅ¾ ochoten otevÅ™enÄ› a upÅ™Ã­mnÄ› informovat masy o smyslu a nesmyslu, kterÃ½ byl prodÃ¡vÃ¡n a o kterÃ©m se mluvÃ­ kdo/rivm/om/politika. A pÅ™edevÅ¡Ã­m, jakÃ© jsou dÅ¯sledky tÃ©to politiky? PravdÄ›podobnÄ› 90 % Nizozemska uvidÃ­ pusu uvolnÄ›nou a mÃ¡vÃ¡nÃ­ uÅ¡ima.	0
COVID-19	1414416106211577863	http://twitter.com/user/status/1414416106211577863	Pokud brojÃ­te proti vakcÃ­nÄ› z mediÃ¡lnÃ­ho Å™eÄnickÃ©ho pultu a sami jste se nechali oÄkovat, jste ten nejhorÅ¡Ã­ druh pokrytce â€“ ten, kterÃ©mu je lhostejnÃ¡ skuteÄnost, Å¾e ti, kteÅ™Ã­ majÃ­ tu smÅ¯lu, Å¾e vÃ¡s poslouchajÃ­, riskujÃ­ svÃ© Å¾ivoty i Å¾ivoty ostatnÃ­ch.	0
COVID-19	1429426904843624455	http://twitter.com/user/status/1429426904843624455	Tento koronavirus je ve skuteÄnosti dokonalÃ½m testem IQ	0
COVID-19	1438288716020264977	http://twitter.com/user/status/1438288716020264977	MÅ¯j bratranec dostal vakcÃ­nu a ta ho promÄ›nila v lamu a spadl do Å™eky a musel stopovat s vesnickÃ½m vÅ¯dcem zpÄ›t do svÃ©ho hradu, jen mu Å™ekl, udÄ›lejte si vlastnÃ­ prÅ¯zkum	0
COVID-19	1427677661552336897	http://twitter.com/user/status/1427677661552336897	1 zÃ¡sah, 2 zÃ¡sah, 3 zÃ¡sah, 4 zÃ¡sah, 14 zÃ¡sah. Vymyslete si variantu. ğŸ˜‚ #TURKOVAC #asÄ±maÄŸdurlarÄ± #Biontech #KabineBaskÄ±yÄ±KaldÄ±r https://t.co/AqV1sh8ZTA	0
COVID-19	1334398013050146816	http://twitter.com/user/status/1334398013050146816	Fi de da Amanipula IES van he rivum - Morrisova existence h ps:// .co/rmtjk38UWR	1
COVID-19	1472674431335952388	http://twitter.com/user/status/1472674431335952388	Joe Rogan NENÃ vÄ›dec! Neberte vÃ¡Å¾nÄ› to, co Å™Ã­kÃ¡. Jako dalÅ¡Ã­ pÅ™ijdou na Å™adu bratÅ™i Jonasovi a velkÃ½ ptÃ¡k, kteÅ™Ã­ vÃ¡m pÅ™ipomenou, abyste se nechali oÄkovat!	1
COVID-19	1355564636226117633	http://twitter.com/user/status/1355564636226117633	@Paul_van_Meenen V minulÃ©m tÃ½dnu v ItÃ¡lii, USA a Belgii vidÄ›ly, Å¾e dokonce i dÄ›ti &l ; PÅ™Ã­znaky 5j me jsou pÅ™Ã­jemnÄ›jÅ¡Ã­ neÅ¾ u dospÄ›lÃ½ch. Å koly se otevÃ­rajÃ­ bezpeÄnÄ›? Pouze jÃ¡ FFP2 pro uÄitele a rodiÄe a uÄitel a....	1
COVID-19	1358796017848754178	http://twitter.com/user/status/1358796017848754178	BuÄ Ru e ohroÅ¾uje Nizozemsko, protoÅ¾e si neubliÅ¾uje a Eli e si takÃ© neubliÅ¾uje a neÅ¾ vstoupÃ­ğŸ˜² do Nizozemska, BuÄ je virus tak zvlÃ¡Å¡tnÃ­, Å¾e postihuje pouze obyÄejnÃ© lidi a Eli e na okrese ğŸ¤”, nebo je virus pouÅ¾Ã­vÃ¡n k jinÃ½m vÄ›cem. ğŸ™„	0
COVID-19	1337032081185140740	http://twitter.com/user/status/1337032081185140740	JiÅ¾ nynÃ­ klesl poÄet pacientÅ¯ s koronou a v nemocnicÃ­ch h ps:// .co/5s5XHy3pvv	1
COVID-19	1373871949429026819	http://twitter.com/user/status/1373871949429026819	PoÅ™Ã¡d se dÃ­vajÃ­ na sousedy a sousedÃ© se dÃ­vajÃ­ na nÃ¡s. PÅ˜ESTAÅ‡TE TESTOVAT! !ï¸ğŸ†˜ğŸ¦ ğŸ•³ğŸª“ Mor ali ei normÃ¡lnÃ­ jako ostatnÃ­ roky âœ… Nemocnice normÃ¡lnÃ­ jako ostatnÃ­ roky âœ… @fvdemocra tj. @HagaZiekenhuis @moneywi h im h ps:// .co/BRHrx1dPpZ	0
COVID-19	1367508048374353920	http://twitter.com/user/status/1367508048374353920	VelvyslanectvÃ­ #Ø¥ÙŠØ±Ø§Ù† v #Ù…ÙˆØ³ÙƒÙˆ|| Do ÃrÃ¡nu bude odeslÃ¡na tÅ™etÃ­ zÃ¡silka ruskÃ© vakcÃ­ny Sputnik V proti viru #ÙƒÙˆØ±ÙˆÙ†Ø§ #Ø±ÙˆØ³ÙŠØ§ s 200 000 dÃ¡vkami.	1
COVID-19	1395056370286747650	http://twitter.com/user/status/1395056370286747650	V regionu klesÃ¡ poÄet vÅ¡ech koronovÃ½ch infekcÃ­ a ubÃ½vÃ¡ pacientÅ¯ s koronou a hospitalizacÃ­. Od 25. kvÄ›tna proto Trean otevÅ™e novÃ½ opernÃ­ sÃ¡l v nemocnici Behesda v Hoogeveenu. h ps:// .co/HXKD2aU6OQ	1
COVID-19	1372821815400226821	http://twitter.com/user/status/1372821815400226821	FilipÃ­ny schvÃ¡lily ruskou vakcÃ­nu proti koronaviru https://t.co/Q8jG7bdydS	1
COVID-19	1245275090792611840	http://twitter.com/user/status/1245275090792611840	"PÅ™eÄtÄ›te si ""Corona zmÄ›nila preferenci hudby na klasiku"" na Nieuwsblik - h ps:// .co/Lf2furTWD3 - TakÃ© v BerlÃ­nÄ› uÅ¾ lidÃ© nechodÃ­ na veÄÃ­rek, ale Å¾ijÃ­ u lidÃ­ doma. (obrÃ¡zek: afp / John Macdougall)  MÃ©nÄ›..."	1
COVID-19	1274291719593394176	http://twitter.com/user/status/1274291719593394176	@hugodejonge ... Je zvlÃ¡Å¡tnÃ­, Å¾e musÃ­m tolerovat ÃºplnÄ› cizÃ­ lidi v pochoutce do 1,5 metru, ale pÅ™Ã¡telÅ¯m, kterÃ© dobÅ™e znÃ¡m a u kterÃ½ch nechci vÄ›dÄ›t, Å¾e si dÃ¡vajÃ­ pozor na koronu, by nemÄ›lo bÃ½t dovoleno pÅ™epravovat se v mÃ©m autÄ›. Okna se otevÃ­rajÃ­ pro ochranu. KÅ™ivÃ½!	0
COVID-19	1258686282525523968	http://twitter.com/user/status/1258686282525523968	Tipy pro rodiÄe dÄ›tÃ­, kterÃ© se uÄÃ­ doma. #SamenTegenCorona h ps:// .co/YDJufBw sI	0
COVID-19	1377502257298731011	http://twitter.com/user/status/1377502257298731011	VÅ¡em pacientÅ¯m s Covid-19 a na JIP: 755. (4/5) h ps:// .co/cBv0ENQL s	1
COVID-19	1256487670311682048	http://twitter.com/user/status/1256487670311682048	Bez ohledu na to, jak neÅ¾Ã¡doucÃ­ a neÅ¾Ã¡doucÃ­ je situace, ve kterÃ© se nynÃ­ vÅ¡ichni nachÃ¡zÃ­me a je, pÅ™inÃ¡Å¡Ã­ takÃ© pozitivnÃ­ vÄ›ci. Doufejme, Å¾e k tomu bude patÅ™it i pohoda dÄ›tÃ­. #Thuisonderwijs je pro nÄ›kterÃ© dÄ›ti to nejdÅ¯leÅ¾itÄ›jÅ¡Ã­.  h ps:// .co/Uo4KJJFqIE	1
COVID-19	1268588411658657798	http://twitter.com/user/status/1268588411658657798	"UÄitel, kterÃ½ absolvuje online oe s. Na mÃ©m, ale tam. A pokud se pÅ™ihlaÅ¡ujete pomocÃ­ slova ""Corona"", pouÅ¾ijte . To se mi nelÃ­bÃ­."	0
COVID-19	1367533729418215427	http://twitter.com/user/status/1367533729418215427	@fares_najd7 @Alroeya se jednÃ¡ o 50 tisÃ­c dÃ¡vek, hovoÅ™Ã­te s Egyptem, kterÃ½ potÅ™ebuje 200 milionÅ¯ dÃ¡vek vakcÃ­ny	1
COVID-19	1366810248040902662	http://twitter.com/user/status/1366810248040902662	Al-Jouf Health zahajuje #ØªØ¹Ø§Ù„_Ù†Ø³Ø¬Ù„Ùƒ iniciativu, v jejÃ­mÅ¾ rÃ¡mci #Ø§Ù„ØªØ·ÙˆØ¹_Ø§Ù„ØµØ­ÙŠ tÃ½m provedl exkurze na trzÃ­ch, aby vyzval komunitu a pomohl jÃ­ zaregistrovat se k odbÄ›ru #Ù„Ù‚Ø§Ø­_ÙƒÙˆØ±ÙˆÙ†Ø§ prostÅ™ednictvÃ­m aplikace Sehaty v rÃ¡mci kampanÄ› #Ø§Ù„Ø«Ø§Ù†ÙŠØ©_Ù†ÙˆÙ‚ÙÙ‡Ø§. https://t.co/ulqXt20hgp	1
COVID-19	1367374424341704705	http://twitter.com/user/status/1367374424341704705	- IndickÃ¡ biotechnologickÃ¡ spoleÄnost Bharat ve stÅ™edu uvedla, Å¾e jejÃ­ vakcÃ­na Covaxin vykÃ¡zala v prÅ¯bÄ›Å¾nÃ½ch testech 81% ÃºÄinnost. JednÃ¡ se o prvnÃ­ indickou vakcÃ­nu, kterÃ¡ byla oznÃ¡mena. IndickÃ½ Serum Institute, nejvÄ›tÅ¡Ã­ svÄ›tovÃ½ vÃ½robce vakcÃ­n, oznÃ¡mil zvÃ½Å¡enÃ­ svÃ© vÃ½robnÃ­ kapacity pro vakcÃ­nu AstraZeneca. https://t.co/tl3NlTrXUN	1
COVID-19	1433742251516207107	http://twitter.com/user/status/1433742251516207107	Vrabec pÅ™istane jednou na rameni: 20 poukÃ¡zek na jÃ­dlo leva, pokud jste oÄkovÃ¡ni proti koronaviru.Â Tuto nabÃ­dku zdravÃ­ obdrÅ¾Ã­ kaÅ¾dÃ½ pÅ™ed prodejnami velkÃ©ho obchodnÃ­ho Å™etÄ›zce. KampaÅˆ zaÄÃ­nÃ¡ dnes v Sofii, Plovdivu, VarnÄ›, Burgasu a Veliko Tarnovo.	1
COVID-19	1367531773555539972	http://twitter.com/user/status/1367531773555539972	"ZdravotnickÃ½ ÃºÅ™ad Al-Jouf zahajuje oÄkovacÃ­ kampaÅˆ v domÃ¡cÃ­m prostÅ™edÃ­ pro pacienty domÃ¡cÃ­ zdravotnÃ­ pÃ©Äe a jejich rodiny s #Ù„Ù‚Ø§Ø­_ÙƒÙˆØ±ÙˆÙ†Ø§, kteÅ™Ã­ jsou registrovÃ¡ni v aplikaci ""Sehaty"". https://t.co/MRL3GuzASK"	1
COVID-19	1435977833646641153	http://twitter.com/user/status/1435977833646641153	Dolly Parton nevylezla z postele, nedoklopÃ½tala do kuchynÄ› a nenalila si pohÃ¡r ambicÃ­ jen proto, abyste odmÃ­tli vakcÃ­nu proti COVIDu, kterou pomohla financovat	1
COVID-19	1367510748897964036	http://twitter.com/user/status/1367510748897964036	ZÃ¡nÄ›t, epidemie, kalamita, zÃ¡kaz, oÄkovÃ¡nÃ­, vakcÃ­na, smrt, to vÅ¡e jsou fÃ¡ze Corony, vy a vaÅ¡e nÃ¡lada jste zpÄ›t a ÄistÃ¡, co vidÃ­te https://t.co/3nRqyLYMzT ğŸ™ğŸ¼	0
COVID-19	1453805116377612296	http://twitter.com/user/status/1453805116377612296	Je to tak kurevsky vtipnÃ© bÃ½t antivax. VytvoÅ™enÃ­ vakcÃ­n je pravdÄ›podobnÄ› nejvÄ›tÅ¡Ã­m ÃºspÄ›chem lidstva. NespornÄ› ano, pokud jde o odvrÃ¡cenÃ© mnoÅ¾stvÃ­ lidskÃ©ho utrpenÃ­. A parta lidÃ­ je prostÄ›... proti tomu lol	0
COVID-19	1364237021120786435	http://twitter.com/user/status/1364237021120786435	"@ADnl mÄ› neudÄ›lalo koronou. NeudÄ›lal ze mÄ› ""on chrÃ¡nÃ­ obyvatelstvo napÅ™...""  Jen ÄistÄ› proto, Å¾e se nÄ›kdo odvÃ¡Å¾il hÃ¡jit vlÃ¡du. VlÃ¡dÄ› se nelÃ­bÃ­, kdyÅ¾ mi nÄ›kdo Å™ekne svou organizaci producentÅ¯ a jejich pravidla. :("	0
COVID-19	1367498990158307342	http://twitter.com/user/status/1367498990158307342	@alaz_906 jeho trvÃ¡nÃ­ je jen mÄ›sÃ­c a pÅ¯l ramadÃ¡nu je pro mÄ› vÅ¡e 1/6 a oni cestujÃ­ a ÄekÃ¡me na oÄkovacÃ­ ğŸ˜‚ğŸ˜‚ roli	0
COVID-19	1351533860182511617	http://twitter.com/user/status/1351533860182511617	NepoctivÃ½ obchod se psy je znepokojivÄ› pÅ¯sobivÃ½. Od koronakrize se nepoctivÃ­ chovatelÃ© a obchodnÃ­ci doma i v zahraniÄÃ­ starajÃ­ o dalÅ¡Ã­ poÄet mladÃ½ch psÅ¯. V mladÃ©m vÄ›ku byla odebrÃ¡na matce a vedla k problÃ©mÅ¯m s chovÃ¡nÃ­m #vleu erweide #demeern h ps:// .co/glzd2uHmkG	1
COVID-19	1356492359782006788	http://twitter.com/user/status/1356492359782006788	@Bea nÄ›kdy @CoronaAanval S tÃ­m si nedÄ›lejte velkÃ© starosti. V sudech je tÃ©mÄ›Å™ ÃºplnÃ¡ ochrana 12. den po prvnÃ­ dÃ¡vce. DruhÃ¡ dÃ¡vka slouÅ¾Ã­ k hlubÅ¡Ã­mu ukotvenÃ­ ochrany (delÅ¡Ã­ ochrana). Infekce je stÃ¡le moÅ¾nÃ¡, aÅ¥ uÅ¾ lehkÃ¡ nebo slabÃ¡.	1
COVID-19	1367489495193509897	http://twitter.com/user/status/1367489495193509897	OÄkovacÃ­ centra #ØµØ­Ø©_Ø¹Ø³ÙŠØ± nadÃ¡le poskytujÃ­ svÃ© sluÅ¾by obÄanÅ¯m a obyvatelÅ¯m registrovanÃ½m prostÅ™ednictvÃ­m #ØµØ­ØªÙŠ Å¾Ã¡dosti o zÃ­skÃ¡nÃ­ vakcÃ­ny proti koronaviru (COVID-19). https://t.co/iX9iEohJiY	0
COVID-19	1367503182218280974	http://twitter.com/user/status/1367503182218280974	@HadoulAlkh @aamunayes ano, ale jsou starÅ¡Ã­, jejich imunita je dobrÃ¡ Dost jsme se zamÄ›Å™ili na oÄkovÃ¡nÃ­ seniorÅ¯ a chronickÃ½ch onemocnÄ›nÃ­, proÄ generalizace	0
COVID-19	1367472937209651207	http://twitter.com/user/status/1367472937209651207	ExistujÃ­ obÄanÃ© starÅ¡Ã­ padesÃ¡ti nebo Å¡edesÃ¡ti let, kteÅ™Ã­ se nechali oÄkovat oxfordskou vakcÃ­nou, a dnes vidÃ­me, jak mladÃ­ tÅ™icÃ¡tnÃ­ci dostÃ¡vajÃ­ vakcÃ­nu Pfizer. PotÅ™ebuji, aby mi doktor Fauci vysvÄ›tlil tento postup ğŸ¤”.	1
COVID-19	1367415103327506433	http://twitter.com/user/status/1367415103327506433	Otec #Ø¨Ø±ÙˆÙŠØ² byl oÄkovÃ¡n ve svÃ© vÄ›znici ve vÄ›znici Jaw Central vakcÃ­nou proti viru Corona Za zmÃ­nku stojÃ­, Å¾e otec PervÃ­z je ve vazbÄ› od 22. bÅ™ezna 2011 a je nejstarÅ¡Ã­m politickÃ½m vÄ›znÄ›m v #Ø§Ù„Ø¨Ø­Ø±ÙŠÙ† #Ø§Ù„Ø®Ù„ÙŠØ¬	1
COVID-19	1372862371845312517	http://twitter.com/user/status/1372862371845312517	@hranitel_angel A Ätvrtek byl silnÃ½ - havÃ¡rie Jumba, useknutÃ­ tyÄe TIR tyÄÃ­ pÅ™ed mostem do Sofie a smrt na silnici do Nikolova. Koronu nepotÅ™ebujeme, jsme unavenÃ­ sami sebou.	0
COVID-19	1367435200989433856	http://twitter.com/user/status/1367435200989433856	@fawaz_dr Pokud existuje vakcÃ­na pro dÅ¯stojnost, pÅ™evezmÄ›te iniciativu a zachraÅˆte vetÅ™elce. âœ	0
COVID-19	1247633956993994762	http://twitter.com/user/status/1247633956993994762	ZÃ­tra bude mÃ©mu synovci 1 rok. 1 !!! Wa straÅ¡nÄ› velkÃ½ milnÃ­k. A my nemÅ¯Å¾eme jÃ­t a oslavit to. ğŸ˜¢ Jsem tak obrovskÃ½ zrzavÃ½ muÅ¾ a moje vlasy plÃ¡Äou, Å¾e nemÅ¯Å¾u jÃ­t a obejmout ho. Ku corona! ğŸ˜•	1
COVID-19	1432661296844099584	http://twitter.com/user/status/1432661296844099584	Izrael v ÃºterÃ½ zaznamenal rekordnÃ­ dennÃ­ poÄet novÃ½ch pÅ™Ã­padÅ¯ koronaviru s tÃ©mÄ›Å™ 11 000 novÃ½mi infekcemi, a to uprostÅ™ed nÃ¡rÅ¯stu zpÅ¯sobenÃ©ho vysoce pÅ™enosnou variantou delta. PÅ™edchozÃ­ vrchol byl 18. ledna s 10 118 pÅ™Ã­pady.	1
COVID-19	1367351187205484547	http://twitter.com/user/status/1367351187205484547	ZdÅ¯raznil, Å¾e vÃ½zkumnÃ½ tÃ½m v souÄasnÃ© dobÄ› pracuje na vÃ½robÄ› dalÅ¡Ã­ vakcÃ­ny zaloÅ¾enÃ© na naloÅ¾enÃ­ viru chÅ™ipky (H1N1), ale ta je stÃ¡le v procesu testovÃ¡nÃ­ a mohla by spatÅ™it svÄ›tlo svÄ›ta do 5 mÄ›sÃ­cÅ¯. Pokud se tak stane, bude prvnÃ­ svÃ©ho druhu na svÄ›tÄ›. https://t.co/9xCoeLad1y	1
COVID-19	1338575767064678402	http://twitter.com/user/status/1338575767064678402	SvÅ¯j nÃ¡zor na zaÅ™izovÃ¡nÃ­ corona maa si zatÃ­m nechÃ¡m pro sebe...  napÅ™. vÅ¡echna ta moudrost na Twi se na to nedostanu. h ps:// .co/7idb65JNIz	0
COVID-19	1355207367386947587	http://twitter.com/user/status/1355207367386947587	@Helena8018 @rivm Doufejme, Å¾e to ti pitomci pochopÃ­, pak se z tÄ›ch svÃ½ch pitomÃ½ch hlav nevyblbnou, ÄlovÄ›Äe, uÄte se, Å¾e nikdy a nikdy	0
COVID-19	1377317429118918657	http://twitter.com/user/status/1377317429118918657	Ale dneska je tu sladkÃ½ dÅ¯m, protoÅ¾e sleÄna mi chtÄ›la trochu pomÃ¡hat. CibulovÃ½ vÃ½sledek jeÅ¡tÄ› nenÃ­ v, takÅ¾e zÃ­tra je jeÅ¡tÄ› doma. OpÄ›t ztrÃ¡ta lekcÃ­ v malÃ½ch dnech. Pokud nebude pozitivnÃ­, bude mimo hru nÄ›kolik tÃ½dnÅ¯. DalÅ¡Ã­ ztracenÃ½ Å¡kolnÃ­ rok. VÅ¡e pro Coronu on... ğŸ¤¦ğŸ¼â€â™€ï¸ğŸ¤¦ğŸ¼â€â™€ï¸	0
COVID-19	1344562251408281601	http://twitter.com/user/status/1344562251408281601	@S evenJag 75 @HonigJudi h Je to opravdu oheÅˆ? ÄŒetl jsem, Å¾e se to dÃ¡ udÄ›lat a pokud je to oheÅˆ, ale Å¾e vÃ½sledek nenÃ­ politovÃ¡nÃ­hodnÃ½.	0
COVID-19	1350113386206531584	http://twitter.com/user/status/1350113386206531584	PÅ™esto mÃ¡m Å¡tÄ›stÃ­, Å¾e se neposmÃ­vÃ¡m mizernÃ© politice korony/oÄkovÃ¡nÃ­.	0
COVID-19	1367223588403752960	http://twitter.com/user/status/1367223588403752960	ZÃ­tra, dÃ¡-li BÅ¯h, moje prvnÃ­ dÃ¡vka vakcÃ­ny proti viru Corona. BoÅ¾e, chraÅˆ od nÃ¡s tu epidemii	0
COVID-19	1432697517515452428	http://twitter.com/user/status/1432697517515452428	IzraelskÃ¡ studie byla zveÅ™ejnÄ›na pÅ™ed 3 dny: oÄkovanÃ­ majÃ­ 13,06krÃ¡t vyÅ¡Å¡Ã­ riziko nÃ¡kazy variantou Delta ve srovnÃ¡nÃ­ s tÄ›mi, kteÅ™Ã­ dÅ™Ã­ve prodÄ›lali COVID a uzdravili se. Riziko symptomatickÃ©ho onemocnÄ›nÃ­ je 7,13krÃ¡t vyÅ¡Å¡Ã­ u oÄkovanÃ½ch osob neÅ¾ u tÄ›ch, kteÅ™Ã­ byli infikovÃ¡ni dÅ™Ã­ve. https://t.co/Gk9X1zEBcF	1
COVID-19	1320316474054070273	http://twitter.com/user/status/1320316474054070273	Allez sebie de ze el in bude sledovat derby. U vÅ¡eho platÃ­, Å¾e 1. Äas je jistÃ½. Klo e Corona! #an VÄŒELA ğŸ’œğŸ’œ	0
COVID-19	1366512569800937480	http://twitter.com/user/status/1366512569800937480	@huzifuzi @s ormzak1 Mnoho lidÃ­ umÃ­rÃ¡ 1,5 tÃ½dne po oÄkovÃ¡nÃ­, lidÃ© se stÃ¡vajÃ­ pozitivnÃ­mi po 2. oÄkovÃ¡nÃ­. OÄkovÃ¡nÃ­ koronÄ› nepomÃ¡hÃ¡! OÄkovÃ¡nÃ­ je virrus.	0
COVID-19	1275816750270070786	http://twitter.com/user/status/1275816750270070786	Klady el @PaulBlokhuis @hugodejonge @VenVN @VGNbranche @Ac iZbranche spoÄÃ­vajÃ­ v tom, Å¾e peÄovatelÃ© v peÄovatelskÃ½ch domech a peÄovatelskÃ½ch domech (vÄetnÄ› rodin) v krizi Corona jsou zaÅ™azeni na seznamy personÃ¡lu pro intuici a kvalitu pÃ©Äe. UÅ¾ vÃ¡s nebavÃ­ moje ochrannÃ© pomÅ¯cky, ach?	1
COVID-19	1367510492516909057	http://twitter.com/user/status/1367510492516909057	Rusko pÅ™eje zahraniÄnÃ­m konkurentÅ¯m ÃºspÄ›ch ve vÃ½voji vakcÃ­n proti koronaviru â€“ Putin	1
COVID-19	1442528018245718025	http://twitter.com/user/status/1442528018245718025	Ti, kteÅ™Ã­ jsou oÄkovÃ¡ni, by nemÄ›li bÃ½t zplynovÃ¡ni a terorizovÃ¡ni. NÄ›kdy nemocnice oznÃ¡mÃ­, Å¾e je potÅ™eba krev neoÄkovanÃ½ch.	1
COVID-19	1247057750737199104	http://twitter.com/user/status/1247057750737199104	Jen v aplikaci s mojÃ­ mamkou. StÃ½skÃ¡ se mi po nÃ­! #verpleegkundige #zorg #COVID19NL #risicogroep #opafs a #zorgenvoorelkaar h ps:// .co/uubVQcsb16	0
COVID-19	1337820371416911878	http://twitter.com/user/status/1337820371416911878	Jak korona zvrÃ¡tÃ­ populaÄnÃ­ trendy v roce 2021 h ps:// .co/aRy6S87Xpg	0
COVID-19	1312325466590773248	http://twitter.com/user/status/1312325466590773248	@DaisMasia V nÄ›kterÃ½ch dostizÃ­ch se mu daÅ™ilo, ale nepÅ™ehÃ¡nÃ­me, Å¾e se dostal do KKD kÃ¡pa e.  PoslednÃ­ch 5 zÃ¡vodÅ¯ se jede pÅ™ed Coronou: h ps:// .co/PTzVrfwnuY	0
COVID-19	1367491617490354176	http://twitter.com/user/status/1367491617490354176	ZkorumpovanÃ­ libyjÅ¡tÃ­ ÃºÅ™ednÃ­ci, kteÅ™Ã­ jsou zaneprÃ¡zdnÄ›ni rabovÃ¡nÃ­m, krÃ¡deÅ¾emi a korupcÃ­, zapomnÄ›li pÅ™edloÅ¾it dokumenty potÅ™ebnÃ© k zÃ­skÃ¡nÃ­ vakcÃ­ny Corona #Ù„ÙŠØ¨ÙŠØ§ #Ø§Ù„Ù„Ù‡_Ù„Ø§_ØªØ³Ø§Ù…Ø­Ùƒ_ÙŠØ§ÙØ§ÙŠØ²	0
COVID-19	1366968791041777665	http://twitter.com/user/status/1366968791041777665	#Ù…Ø§Ù‡Ø±_Ø§Ù„Ù…Ø¹ÙŠÙ‚Ù„ÙŠ MÃ­r s vÃ¡mi, skupina studentÅ¯, kteÅ™Ã­ majÃ­ univerzitnÃ­ vÃ½zkum na: schopnost lidÃ­ dostat vakcÃ­nu Corona, a doufÃ¡me ve vaÅ¡i ÃºÄast a takÃ© v retweet, abychom dosÃ¡hli co nejvÄ›tÅ¡Ã­ho poÄtu ÃºÄastnÃ­kÅ¯, dÄ›kujeme ,,, https://t.co/Q7LjQ7iT2m	0
COVID-19	1367503463014408201	http://twitter.com/user/status/1367503463014408201	@zj211011 BÅ¯h je pro nÃ¡s dostateÄnÃ½ a On je nejlepÅ¡Ã­m sprÃ¡vcem. Jejich rozhodnutÃ­ jsou Å¡patnÃ¡, pokud majÃ­ povinnÃ© oÄkovÃ¡nÃ­ nebo lidÃ©, kteÅ™Ã­ jsou oÄkovanÃ­, chodÃ­ ven s oÄkovacÃ­m certifikÃ¡tem a kdo nemÃ¡ vakcÃ­nu, zÅ¯stÃ¡vÃ¡ doma	0
COVID-19	1367220425625915404	http://twitter.com/user/status/1367220425625915404	Dnes je moje schÅ¯zka, abych dostal vakcÃ­nu Corona, a to, co se stalo Meshari Al-Balamovi, nechÅ¥ je k nÄ›mu BÅ¯h milosrdnÃ½, kÃ©Å¾ je BÅ¯h milosrdnÃ½ ke mnÄ›, kÃ©Å¾ se nade mnou smiluje, mÅ¯Å¾e se mi stÃ¡t to, ale rozdÃ­l je v tom, Å¾e kaÅ¾dÃ½ se bude radovat z mÃ© smrti a nebude mÃ­t slitovÃ¡nÃ­ se mnou! SunnitÃ© mÄ› budou povaÅ¾ovat za pankÃ¡Äe a odpadlÃ­ka a Å¡Ã­itÃ© mÄ› budou povaÅ¾ovat za zlomyslnÃ©ho Nasibiho! Jen nevÄ›Å™Ã­cÃ­ se mnou budou lidsky soucÃ­tit a budou hledat dÅ¯vody, proÄ zachraÅˆovat druhÃ©! VidÄ›li jste tu blaÅ¾enost, ve kterÃ© se nachÃ¡zÃ­me?!	0
COVID-19	1313821625540849664	http://twitter.com/user/status/1313821625540849664	UÅ¾ se nakazil pacienty s koronou a v nemocnicÃ­ch je pÅ™es tisÃ­c. Ve stÅ™edu bylo pÅ™ijato 1021 lidÃ­ s onemocnÄ›nÃ­m Covid-19, kterÃ© koronavirus zpÅ¯sobuje. To je 46 dnÃ­ a vÃ­ce neÅ¾ v ÃºterÃ½ h ps:// .co/SdFsIfe LX	1
COVID-19	1367492957113319426	http://twitter.com/user/status/1367492957113319426	"OÄkovacÃ­ centra Corona v Al-Jouf pokraÄujÃ­ v podÃ¡vÃ¡nÃ­ vakcÃ­ny obÄanÅ¯m a obyvatelÅ¯m registrovanÃ½m prostÅ™ednictvÃ­m aplikace ""Sehaty"". #Ø§Ù„Ø³Ø¹ÙˆØ¯ÙŠØ© #Ø§Ù„Ø¬ÙˆÙ #Ø³ÙƒØ§ÙƒØ§ #Ù‚Ø§Ø±Ø§ #Ø¯ÙˆÙ…Ø©_Ø§Ù„Ø¬Ù†Ø¯Ù„ #Ø·Ø¨Ø±Ø¬Ù„ #ØµÙˆÙŠØ± #Ø§Ù„Ù‚Ø±ÙŠØ§Øª #Ø³ÙƒØ§ÙƒØ§_Ø§Ù„Ø¬ÙˆÙ #Ø¹Ø±Ø¹Ø± #Ø­Ø§Ø¦Ù„ https://t.co/J0I1sKo7uB"	1
COVID-19	1367497887777718279	http://twitter.com/user/status/1367497887777718279	VakcÃ­na proti covidu-19 v centru bitvy o vliv mezi velkÃ½mi zemÄ›mi VÃ­ce: https://t.co/uEuVjWAly9 #ÙƒÙˆØ±ÙˆÙ†Ø§ #Ù„Ù‚Ø§Ø­ #ØµØ±Ø§Ø¹	1
COVID-19	1367497174301474816	http://twitter.com/user/status/1367497174301474816	@SaudiNews50 budu riskovat, dokud vakcÃ­na proti koronaviru nebude dobrÃ¡	0
COVID-19	1367503314640896006	http://twitter.com/user/status/1367503314640896006	@Talwee7a @nasser_duwailah @binJaserNews a pÅ™Ã¡l bych si, aby existovala vakcÃ­na o hlouposti, muÅ¾ Å¾ertuje a podvÃ¡dÄ›nÃ­ je jasnÃ© v jeho tweetu	0
COVID-19	1349641167424651264	http://twitter.com/user/status/1349641167424651264	@Nilliz81 @Li je vÃ¡Å¡ vlastnÃ­ Erasmus sÃ¡m o sobÄ› dostateÄnÄ› velkÃ½ pro vÅ¡echny pacienty s Covid-19?  Ano, chÃ¡pu to. ğŸ¤¢	0
COVID-19	1256414747563417600	http://twitter.com/user/status/1256414747563417600	RT @SGeysenbergh: PÅ™inejmenÅ¡Ã­m profesnÃ­ sdruÅ¾enÃ­, kterÃ© nesouhlasÃ­ s nesprÃ¡vnÃ½m umÃ­stÄ›nÃ­m a loajalitou vlÃ¡dy. #covid19be @bvas wee s @Domus_Medica h ps:// .co/oN3hOEbZsr h ps:// .co/ksPWYAVUhq #beheal h h ps:// .co/bJNNjJNiE0	0
COVID-19	1377992347246493699	http://twitter.com/user/status/1377992347246493699	V pÃ¡tek bylo RIVM h ps:// hlÃ¡Å¡eno 7 296 novÃ½ch infekcÃ­ .co/YQMiEE2aXB	1
COVID-19	1366844111874064385	http://twitter.com/user/status/1366844111874064385	KromÄ› vakcÃ­ny Pfizer ğŸ‡ºğŸ‡¸ zaÄalo v krÃ¡lovstvÃ­ oÄkovÃ¡nÃ­ vakcÃ­nou Oxford/AstraZeneca ğŸ‡¬ğŸ‡§ a jÃ¡ jsem mluvil o jejÃ­ historii, ÃºÄinnosti a zpÅ¯sobu vÃ½roby. Indie ğŸ‡®ğŸ‡³ mÃ¡ vÃ­ce neÅ¾ 6 velkÃ½ch farmaceutickÃ½ch tovÃ¡ren, kterÃ© vyrÃ¡bÄ›jÃ­ 60 % celosvÄ›tovÃ© potÅ™eby dÄ›tskÃ½ch vakcÃ­n (16 vakcÃ­n) a vyvÃ¡Å¾ejÃ­ je do vÃ­ce neÅ¾ 123 zemÃ­. https://t.co/eVgdXFYJBs https://t.co/wHaPdw5ChI	1
COVID-19	1427290983260200969	http://twitter.com/user/status/1427290983260200969	SouÄasnÃ¡ politika a mÃ©dia zaÄala bÃ½t opotÅ™ebovÃ¡vÃ¡na vlÃ¡dou a opozicÃ­, stejnÄ› jako oÄkovanÃ½mi obÄany, kteÅ™Ã­ chÃ¡pou, Å¾e jsou stavÄ›ni na mÃ­sto hlupÃ¡kÅ¯ a pravdÄ›podobnÄ› je rozdrtÃ­.	0
COVID-19	1386272317223981057	http://twitter.com/user/status/1386272317223981057	@nieuwsselec on @depeiling radÅ¡i bych mÄ›l jednu s Tebbie na puse. ğŸ¤£ Jeden z nich mÃ¡m: Fuck Corona. ğŸ˜‚ h ps:// .co/HK8U2lFJs9	0
COVID-19	1417835888550326276	http://twitter.com/user/status/1417835888550326276	AÅ¥ uÅ¾ je to paradox nebo ne, mnozÃ­ z odpÅ¯rcÅ¯ oÄkovÃ¡nÃ­ jsou velmi inteligentnÃ­ lidÃ©. Chci je poÅ¾Ã¡dat, aby si sami spoÄÃ­tali, jakÃ¡ je pravdÄ›podobnost ÃºmrtÃ­ pÅ™i jÃ­zdÄ› po bulharskÃ½ch silnicÃ­ch, s koronavirovou nemocÃ­ a s oÄkovÃ¡nÃ­m.	1
COVID-19	1418867417309192201	http://twitter.com/user/status/1418867417309192201	BÄ›hem procesu Covid zmÄ›nilo majitele pÅ™ibliÅ¾nÄ› 50 bilionÅ¯ dolarÅ¯. VÃ½dÄ›lky globÃ¡lnÃ­ elity, kterÃ¡ tvoÅ™Ã­ 1 %, vzrostly o 30 % ve srovnÃ¡nÃ­ s 99 %. Pod zÃ¡minkou covidu se zemÄ› uzavÃ­rajÃ­ a ekonomiky jsou paralyzovÃ¡ny. ÃšÄel; odsuzujÃ­cÃ­ nÃ¡rodnÃ­ stÃ¡ty ke globÃ¡lnÃ­ korporatokracii. Kdy si toho vÅ¡imnete?	1
COVID-19	1367040413408911363	http://twitter.com/user/status/1367040413408911363	Podle toho, co jsem obdrÅ¾el, bylo #Ù…Ø³ØªØ´ÙÙ‰_Ø«Ø±ÙŠØ¨Ø§Ù†_Ø§Ù„Ø¹Ø§Ù… schvÃ¡leno jako oÄkovacÃ­ centrum pro syny #Ù…Ø­Ø§ÙØ¸Ø©_Ø§Ù„Ø¹Ø±Ø¶ÙŠØ§Øª a oÄkovÃ¡nÃ­ zaÄne bÄ›hem pÅ™Ã­Å¡tÃ­ho tÃ½dne. DoufÃ¡me, Å¾e zprÃ¡va je pravdivÃ¡, a doufÃ¡me, Å¾e pÅ™idÃ¡me dalÅ¡Ã­ centrum na chatÄ› a aktivujeme oÄkovÃ¡nÃ­ prostÅ™ednictvÃ­m #ØµÙŠØ¯Ù„ÙŠØ©_Ø§Ù„Ø¯ÙˆØ§Ø¡ si to lidÃ© z #Ø§Ù„Ø¹Ø±Ø¶ÙŠØ§Øª zaslouÅ¾Ã­, a zprÃ¡va nÃ¡s potÄ›Å¡ila	1
COVID-19	1367196288136142854	http://twitter.com/user/status/1367196288136142854	PropagaÄnÃ­ akce | Jeho Excelence prezident Univerzity prince Sattama slavnostnÄ› otevÃ­rÃ¡ Corona Vaccine Center ve FakultnÃ­ nemocnici v #Ø§Ù„Ø®Ø±Ø¬ https://t.co/htlQJaca5d	1
COVID-19	1429402786886832130	http://twitter.com/user/status/1429402786886832130	Å˜Ã­kÃ¡m to nahlas a jasnÄ›. OÄkovacÃ­ pasy nebo rozhodnutÃ­ nevpustit neoÄkovanÃ© lidi na nÄ›kterÃ¡ mÃ­sta je zcela nevÄ›deckÃ© a nesmyslnÃ©. Gibraltar naoÄkoval 99 % svÃ© populace, ale poÄet pÅ™Ã­padÅ¯ stoupÃ¡. JinÃ½ pÅ™Ã­klad; Izrael, Singapur, Chile, Malta... HlavnÃ­m cÃ­lem je projekt ID2020	1
COVID-19	1347594282941751297	http://twitter.com/user/status/1347594282941751297	Jednoho dne se probudÃ­me bez koronaviru a nebudeme vÄ›dÄ›t, co dÄ›lat.	0
COVID-19	1276475886309687296	http://twitter.com/user/status/1276475886309687296	@PhRoose MyslÃ­m, Å¾e da da klepat . A velmi okrajovÄ› se to tÃ½kÃ¡ toho, zda jsou rouÅ¡ky v supermarketech povinnÃ©, Äi nikoli. O nic jinÃ©ho mu tu ale nejde. Je krizovÃ½m tÃ½mem pro krizovou krizi.	0
COVID-19	1267597073400070145	http://twitter.com/user/status/1267597073400070145	@ramonmoor nechÃ¡pu to. Wan, Å¾e koronavirus ref pouze skupinu s urÄitou barvou pleti?	0
COVID-19	1363807211206631425	http://twitter.com/user/status/1363807211206631425	LidÃ©, kteÅ™Ã­ nosÃ­ brÃ½le, majÃ­ tÅ™ikrÃ¡t niÅ¾Å¡Ã­ pravdÄ›podobnost, Å¾e se nakazÃ­ koronavirem https://t.co/e2o9yYmPla	1
COVID-19	1321051147155755009	http://twitter.com/user/status/1321051147155755009	''Bitva s koronou pÅ™iÅ¡la za minutu a po zÃ¡pase se ukÃ¡zalo, Å¾e je to bizarnÃ­'' h ps:// .co/BgvFNOR d4 h ps:// .co/rKKEsIingl	1
COVID-19	1367510919421558787	http://twitter.com/user/status/1367510919421558787	OÄkovÃ¡nÃ­ proti obrnÄ› je prodlouÅ¾eno do zÃ­tÅ™ejÅ¡Ã­ho veÄera. KaÅ¾dÃ½, kdo nÄ›koho znÃ¡, mu to musÃ­ Å™Ã­ct, protoÅ¾e nemoc se v zemÃ­ch kolem nÃ¡s zaÄala znovu objevovat. KÃ©Å¾ BÅ¯h ochraÅˆuje vÅ¡echny dÄ›ti	0
COVID-19	1366506406971588620	http://twitter.com/user/status/1366506406971588620	V Rakousku a ItÃ¡lii jsou psi oficiÃ¡lnÄ› povinni nosit nÃ¡hubek ve veÅ™ejnÃ© dopravÄ›.	1
COVID-19	1411460561704034306	http://twitter.com/user/status/1411460561704034306	PÄ›knÃ© video o mRNA vakcÃ­nÃ¡ch (takto fungujÃ­ vakcÃ­ny Biontech nebo Moderna): https://t.co/ZPPPzu8F4D	1
COVID-19	1317404728188428288	http://twitter.com/user/status/1317404728188428288	"Corona maa arrange (lockdown, bubliny, ÃºstnÃ­ masky) zjevnÄ› nefungovaly. Argument ""fla en he curve"" nebyl splnÄ›n. Å vÃ©dsko snÃ­Å¾ilo vrchol o 50 %. To jsou nepohodlnÃ© pravdy, o kterÃ½ch naÅ¡e mÃ©dia ""hraniÄÃ­"" informovat. h ps:// .co/Y W3i03ICO"	1
COVID-19	1397127774624755713	http://twitter.com/user/status/1397127774624755713	DobrÃ¡ vÄ›c na koronaviru byla, Å¾e jsem znovu pÅ™estal kouÅ™it.	0
COVID-19	1367517317345775621	http://twitter.com/user/status/1367517317345775621	ÄŒÃ¡steÄnÃ½ zÃ¡kaz + povinnÃ© oÄkovÃ¡nÃ­ = vÃ½raznÃ© snÃ­Å¾enÃ­ poÄtu nakaÅ¾enÃ½ch a kompletnÃ­ komunitnÃ­ imunita.... Je po vÅ¡em	1
COVID-19	1354071438140043265	http://twitter.com/user/status/1354071438140043265	SkokovÃ½ nÃ¡rÅ¯st cen na svÄ›tovÃ½ch burzÃ¡ch (pÅ™ibliÅ¾nÄ›) za poslednÃ­ch 9 mÄ›sÃ­cÅ¯: kukuÅ™ice 60 %, pÅ¡enice 25 %, cukr 60 %, hovÄ›zÃ­ maso 50 %, sÃ³jovÃ© boby 60 %. ZatÃ­mco obdivujete, jak vlÃ¡dy po celÃ©m svÄ›tÄ› rozdÃ¡vajÃ­ penÃ­ze na Å™eÅ¡enÃ­ koronakrize, vÅ¡ichni za to zaplatÃ­me inflacÃ­. ZejmÃ©na ti nejchudÅ¡Ã­.	1
COVID-19	1380249883081388040	http://twitter.com/user/status/1380249883081388040	@Vortigens Jak nÄ›kdo napsal, nemocnÃ½ch lidÃ­ je prostÄ› hodnÄ› a infekce se stÃ¡vÃ¡ snadnÄ›jÅ¡Ã­ a je moÅ¾nÃ©, Å¾e k nÃ­ doÅ¡lo kolem oÄkovÃ¡nÃ­, zvlÃ¡Å¡tÄ› pokud nejsou chrÃ¡nÄ›ni. 10 dnÃ­ potÃ© stÃ¡le nemÃ¡te Å¾Ã¡dnÃ© protilÃ¡tky nebo je jich pomÄ›rnÄ› mÃ¡lo. Tato vakcÃ­na obsahuje opiÄÃ­ adenovirus, nikoli koronavirus.	1
COVID-19	1367527036940607491	http://twitter.com/user/status/1367527036940607491	@KUW_Q8Y DÃ­ky bohu, Å¾e Kuvajt byl vÅ¾dy dobrÃ© a humanitÃ¡rnÃ­ mÃ­sto, dÃ­ky bohu, Å¾e otevÅ™eli letiÅ¡tÄ›, kdo nemÃ¡ vakcÃ­nu, pÅ™ijÄte k nÃ¡m a dÄ›kujte Bohu a pak mÅ¯Å¾eme vyvÃ©zt virus, dÃ­ky bohu, Å¾e je to poÅ¾ehnÃ¡nÃ­	0
COVID-19	1253677803079380992	http://twitter.com/user/status/1253677803079380992	V souÄasnÃ© dobÄ› udÄ›lejte tyto instruktÃ¡Å¾nÃ­ listy nebo vyhoÄte do povÄ›tÅ™Ã­ USA#CoronaCrisis #Corona #Covid_19 #nieuws h ps:// .co/isxkffySui	1
COVID-19	1381925612743499778	http://twitter.com/user/status/1381925612743499778	FDA a @CDCgov dnes vydaly prohlÃ¡Å¡enÃ­ tÃ½kajÃ­cÃ­ se vakcÃ­ny Johnson &amp; Johnson #COVID19. Z velkÃ© opatrnosti doporuÄujeme pÅ™eruÅ¡it pouÅ¾Ã­vÃ¡nÃ­ tÃ©to vakcÃ­ny.	1
COVID-19	1276156024379015175	http://twitter.com/user/status/1276156024379015175	"Labora oria tÃ¡hnout S aa a GGDs k soudu za ""vÃ½jimku"" corona es s /via @Nieuwsuur h ps:// .co/TQONdPOg2M"	1
COVID-19	1275404501797740550	http://twitter.com/user/status/1275404501797740550	MoÅ¾nosti hadÅ¾dÅ¾e 2020 takÃ© pro SaÃºdskou ArÃ¡bii - h ps:// .co/HrLpncpKKa #saoedi arÃ¡bii #mekka #medina #hadj #coronamaa zaÅ™Ã­dit #coronavirus	1
COVID-19	1366495860897554433	http://twitter.com/user/status/1366495860897554433	@hugodejonge @rivm @GGDGHORNL @LNAcu eCare @LHVhuisar vaÅ¡e obliÄejovÃ¡ maska. Noste rouÅ¡ku za pouhÃ½ch 5 â‚¬ svÃ©ho oblÃ­benÃ©ho veÄÃ­rku. DoruÄeno do 16:30, doruÄeno zÃ­tra! h ps:// .co/PbFPeuTK9 h ps:// .co/VsinzavcnR	0
COVID-19	1367486938463232008	http://twitter.com/user/status/1367486938463232008	@kerimali58 jste poradcem prezidenta IrÃ¡ckÃ© republiky, jedete do JordÃ¡nska, abyste si vzal podivnou vakcÃ­nu, pÅ™Ã­sahÃ¡m	0
COVID-19	1341732048600350720	http://twitter.com/user/status/1341732048600350720	Obraz iek: ''NÃ¡jezd na Evropu'': Obraz iek:''LoupeÅ¾ Evropy'' VlÃ¡movÃ© kolem roku 1600 v ItÃ¡lii Olej na plÃ¡tnÄ›: 60 cm x 85 cm h ps:// .co/RnaBqBATmI	0
COVID-19	1367536356004663301	http://twitter.com/user/status/1367536356004663301	Jeho Excelence guvernÃ©r #Ø§Ù„Ù‚Ø±ÙŠØ§Øª Abdullah bin Saleh Al-Jasser si prohlÃ©dl oÄkovacÃ­ centrum #ÙƒÙˆØ±ÙˆÙ†Ø§ v Qurayyat ve zdravotnÃ­m stÅ™edisku primÃ¡rnÃ­ pÃ©Äe ve Ätvrti Al-Mazraa a dnes #Ø§Ù„Ø®Ù…ÙŠØ³ 20/7/1442 obdrÅ¾el prvnÃ­ dÃ¡vku vakcÃ­ny a vyzval vÅ¡echny, aby pÅ™evzali iniciativu a zaregistrovali se v aplikaci Sehaty, aby zÃ­skali vakcÃ­nu a dodrÅ¾ovali preventivnÃ­ opatÅ™enÃ­. #Ø§Ù„Ø­Ø¸Ø±_Ø§Ù„Ø¬Ø²Ø¦ÙŠ https://t.co/CF3OtpBTNU	1
COVID-19	1349361609408393216	http://twitter.com/user/status/1349361609408393216	ach.. Ahoj, tolik e #coronadeba pro znÃ¡mou etapu. plnÃ½ sboru sach ige neÄinnost mÄ› bohuÅ¾el stÃ¡le hodnÄ› z dÅ¯vodu v programech PRA.... h ps:// .co/BATuY2Xhw5	0
COVID-19	1432379991870910465	http://twitter.com/user/status/1432379991870910465	"KaÅ¾dÃ©mu ""novinÃ¡Å™i"" s nafoukanÃ½m nosem, kterÃ½ mÄ› oslovil v sÃ¡lech Kongresu a chrlil fauciismy oÄerÅˆujÃ­cÃ­ pÅ™irozenou imunitu â€“ ÄtÄ›te vÄ›du! HarvardskÃ½ epidemiolog Å™Ã­kÃ¡, Å¾e pÅ™Ã­pad pro oÄkovacÃ­ pasy COVID byl prÃ¡vÄ› zboÅ™en - FEE https://t.co/cAFhE6O8JO"	1
COVID-19	1394375414114570241	http://twitter.com/user/status/1394375414114570241	NemluvÃ­ o zdravÃ©m mladÃ­kovi v popÅ™edÃ­, ale o starÃ©m muÅ¾i v pozadÃ­. #FearPorn #vr #corona h ps:// .co/NsQCYEyueS	0
COVID-19	1367501347906613259	http://twitter.com/user/status/1367501347906613259	@mesfer2002w @AhmadBasudan ItÃ¡lie zablokovala zÃ¡silku oxfordskÃ© vakcÃ­ny do AustrÃ¡lie	1
COVID-19	1367509879699746824	http://twitter.com/user/status/1367509879699746824	@mookagh ÄalounÄ›nÃ© Å™Ã­kajÃ­ jen zkuste to s vakcÃ­nou Corona, nenechte si ujÃ­t, rozpouÅ¡tÃ­ se v Ãºstech a chutnÃ¡ lahodnÄ›ğŸ˜€ğŸ˜€ğŸ˜€, mÃ©nÄ› neÅ¾ normÃ¡lnÄ›, trochu v nÄ›m	0
COVID-19	1272513843625971713	http://twitter.com/user/status/1272513843625971713	ZprÃ¡va z videokonference EU o Ãºloze vÃ½zkumu a inovacÃ­ v evropskÃ© reformÄ› koronavirovÃ© krize, vÄetnÄ› aktuÃ¡lnÃ­ch ÃºdajÅ¯ NL v programu Horizont 2020 ğŸ‡ªğŸ‡º ! #Covid_19 #ERAvsCorona #Europe h ps:// .co/lWGHPH4m34	0
COVID-19	1367510491325747213	http://twitter.com/user/status/1367510491325747213	@sar3oofa @BO3LOSH81 se pÅ™ipravÃ­Å¡ sÃ¡m KuvajtÅ¡tÃ­ lidÃ© nechtÄ›jÃ­ zÃ¡kaz, kterÃ½ poÅ¡kozuje naÅ¡e jÃ¡tra a kdo nenÃ­ odhodlanÃ½ je jako on, poÅ¡kozuje sÃ¡m sebe, jsme hotovi, lidÃ© si vzali oÄkovacÃ­ jehlu a pro zbytek neangaÅ¾ovanÃ½ch znÃ¡ svÅ¯j zÃ¡jem, nikdo za nÃ¡s nenÃ­ zodpovÄ›dnÃ½ #Ù„Ø§_Ù„Ù„Ø­Ø¸Ø± nechat ministra zdravotnictvÃ­ mÃ­sto tohoto zmatku nevstupuje pÅ™Ã­chozÃ­ k nÃ¡m mÃ¡m na mysli vÃ½jimky, kterÃ© vidÃ­te, kteÅ™Ã­ vstoupili pÅ™ed dvÄ›ma tÃ½dny	0
COVID-19	1436174124125143041	http://twitter.com/user/status/1436174124125143041	MandÃ¡t Joea Bidena k oÄkovÃ¡nÃ­ proti COVID zcela ignoruje vÄ›du a je Ãºtokem na prÃ¡vo AmeriÄanÅ¯ na soukromÃ­. FederÃ¡lovÃ© nemajÃ­ Å¾Ã¡dnou pravomoc nutit zamÄ›stnavatele, aby nutili svÃ© zamÄ›stnance, aby se nechali oÄkovat.	1
COVID-19	1408896844265046016	http://twitter.com/user/status/1408896844265046016	Arda, mÅ¯Å¾ete mi udÄ›lat youtube 5. roÄnÃ­k pÃ¡rty, dostat to velmi velkÃ©, odbÄ›ratelÃ© nebo tak nÄ›co, pronajmout pozemek jako festival pro 1000 lidÃ­, plnÃ© korona Å¡Ã­Å™enÃ­	0
COVID-19	1367249399722737664	http://twitter.com/user/status/1367249399722737664	PÅ™edstavte si, Å¾e dojde k objevu, kterÃ½ otÅ™ese celÃ½m svÄ›tem, coÅ¾ je objev vakcÃ­ny, kterÃ¡ vÃ¡s uÄinÃ­ nesmrtelnÃ½mi a nezemÅ™ete, takÅ¾e lidÃ© pÅ™ichÃ¡zejÃ­, aby se objednali na tuto vakcÃ­nu, jako se dnes hrnou, aby si vzali vakcÃ­nu Corona, vezmete si tuto vakcÃ­nu nesmrtelnosti? Chci odpovÄ›Ä po pÅ™emÃ½Å¡lenÃ­, protoÅ¾e vÅ¡e, co ÄlovÄ›k v Å¾ivotÄ› dÄ›lÃ¡, je, Å¾e se vyhÃ½bÃ¡ smrti	0
COVID-19	1367395605815902210	http://twitter.com/user/status/1367395605815902210	ğŸ“Œ | Ve svÃ½ch domovech. KampaÅˆ za poskytnutÃ­ #Ù„Ù‚Ø§Ø­_ÙƒÙˆØ±ÙˆÙ†Ø§ 38 000 pacientÅ¯m zapsanÃ½m do domÃ¡cÃ­ zdravotnÃ­ pÃ©Äe byla zahÃ¡jena po celÃ©m krÃ¡lovstvÃ­. https://t.co/Vqqy0Jxnkh	1
COVID-19	1367513569672261640	http://twitter.com/user/status/1367513569672261640	PÅ™ed rokem se lidÃ© bÃ¡li a pÅ™Ã¡li si, aby byla vakcÃ­na, a pro ty, kteÅ™Ã­ poskytli vakcÃ­nu zdarma, co berou ğŸ™‚!	0
COVID-19	1346427500872740865	http://twitter.com/user/status/1346427500872740865	Kdo @hugodejonge zaÄala vlna trÃ¡vy? #coronadeba 	0
COVID-19	1413108137620611073	http://twitter.com/user/status/1413108137620611073	PÅ™Ã­pady Covid-19 nakaÅ¾enÃ© variantami delta zaÄaly pÅ™ichÃ¡zet na jednotky intenzivnÃ­ pÃ©Äe	1
COVID-19	1367492234715803650	http://twitter.com/user/status/1367492234715803650	@mmthaib z toho udÄ›lat oÄkovÃ¡nÃ­ wellness a dlouhou dobu ve vÃ½stavbÄ›, dÃ¡-li BÅ¯h	0
COVID-19	1442147585628770307	http://twitter.com/user/status/1442147585628770307	"Pokud ""oÄkovacÃ­ mandÃ¡ty"" neuznÃ¡vajÃ­ pÅ™irozenou imunitu, neuznÃ¡vajÃ­ testovÃ¡nÃ­ na protilÃ¡tky, nenabÃ­zejÃ­ testy a neuznÃ¡vajÃ­, Å¾e vakcÃ­ny ""nezastavÃ­"" Å¡Ã­Å™enÃ­, pak je naprosto jasnÃ©, Å¾e nemajÃ­ nic spoleÄnÃ©ho se zdravÃ­m nebo vÄ›dou."	0
COVID-19	1367493474120052743	http://twitter.com/user/status/1367493474120052743	@SaudiMOH teÄ jsem studentem vakcÃ­ny Moderna a pak zjistil, Å¾e mi dal Pfizer https://t.co/mIPlQNn6U5 https://t.co/6t8D42QAye	0
COVID-19	1367409876096458752	http://twitter.com/user/status/1367409876096458752	Logicky, protoÅ¾e nemÅ¯Å¾ete trestat ty, kteÅ™Ã­ to poruÅ¡Ã­, a zÃ¡roveÅˆ chcete, aby se zvÃ½Å¡ila prooÄkovanost? Å˜ekli jsme vÃ¡m, Å¾e to spojili s motivacÃ­: oÄkovÃ¡nÃ­ ğŸ’‰ mÅ¯Å¾ete cestovat, Mako vracÃ­ institucionÃ¡lnÃ­ karantÃ©nu, vstupujete do nÃ¡kupnÃ­ho centra s dokladem o oÄkovÃ¡nÃ­, vstupujete do restaurace, vstupujete do klubu, zÃ¡bavnÃ­ch podnikÅ¯ a salonÅ¯ a prÃ¡ce je povolena pouze pro ty, kteÅ™Ã­ byli oÄkovÃ¡ni...	1
COVID-19	1262255394526769158	http://twitter.com/user/status/1262255394526769158	ProbuÄte se a odpoÄatÃ­ zpÄ›t do prÃ¡ce. # domÃ¡cÃ­ Ãºkol #blijf domov h ps:// .co/iuYLNzpFk7	0
COVID-19	1367407693540052993	http://twitter.com/user/status/1367407693540052993	ChvÃ¡la Bohu, prvnÃ­ dÃ¡vka vakcÃ­ny Corona byla podÃ¡na, slovo dÃ­kÅ¯ ministerstvu zdravotnictvÃ­, sluÅ¾ba poskytovanÃ¡ obÄanÅ¯m a obyvatelÅ¯m pÅ™edÄila vÅ¡echna oÄekÃ¡vÃ¡nÃ­, jsem hrdÃ½ jako jednotlivec v tÃ©to velkorysÃ© zemi se vÅ¡emi zÃ¡jmy, kterÃ© dostÃ¡vÃ¡me, pokud jde o poskytovanÃ© sluÅ¾by #Ù„Ù‚Ø§Ø­_ÙƒÙˆØ±ÙˆÙ†Ø§	1
COVID-19	1372585805114400769	http://twitter.com/user/status/1372585805114400769	"23 metrÅ¯ malovanÃ©ho denÃ­ku Ally GeorgievovÃ© ""Koronavirus v Bulharsku"" v Kvadrat-500, NÃ¡rodnÃ­ galerie umÄ›nÃ­, Sofie. VtipnÃ©, znepokojivÃ©, kuriÃ³znÃ­ a velmi osobnÃ­ dÃ­lo. Nenechte si to ujÃ­t! https://t.co/v19VkNdkst"	1
COVID-19	1354155563664420864	http://twitter.com/user/status/1354155563664420864	Host ve studiu Ivajla Cvetkova-Noisyho z loÅˆskÃ©ho jara, nÃ¡hodou jsem ho naÅ¡el na netu, Å™ekl: -PÅ™ed tÅ™etÃ­ svÄ›tovou vÃ¡lkou dÃ¡vÃ¡m pÅ™ednost koronaviru. BezostyÅ¡nÄ› ho kradu.	1
COVID-19	1367476448026648577	http://twitter.com/user/status/1367476448026648577	@SaudiNews50 myslÃ­Å¡ opak DobrodruÅ¾stvÃ­ spoÄÃ­vÃ¡ v tom, Å¾e jsem zdravÃ½ a zdravÃ½ a dÃ­ky Bohu jsem si jistÃ½ svou imunitou vÅ¯Äi Bohu VÅ¡emohoucÃ­mu, kterÃ½ mi ji udÄ›lil, a vÃ­m, jak si ji udrÅ¾et A beru vakcÃ­nu, kterÃ¡ byla vyrobena velmi rychle a bezpeÄnostnÃ­ studie jeÅ¡tÄ› nebyly dokonÄeny, a proti viru, jehoÅ¾ mÃ­ra vylÃ©ÄenÃ­ je 99 %. ğŸ¤¨ zvlÃ¡Å¡tnÃ­	0
COVID-19	1434414245953814532	http://twitter.com/user/status/1434414245953814532	"NemÅ¯Å¾eme plnÄ› pochopit proces, kterÃ½ zaÄal s Covidem-19, aniÅ¾ bychom pochopili ""DodÃ¡vku prstenÅ¯"" v sÃ©rii filmÅ¯ PÃ¡n prstenÅ¯ a ""NEO/MesiÃ¡Å¡e"" v trilogii Matrix. Hollywood je modernÃ­m mytologickÃ½m centrem kabalistickÃ© metafory globÃ¡lnÃ­ hegemonie a mentÃ¡lnÄ› transformuje lidstvo."	0
COVID-19	1350938228405248005	http://twitter.com/user/status/1350938228405248005	"@nijenron Opravdu mÄ› to dÄ›lÃ¡ opers a. V prÃ¡ci mÃ©ho syna uÅ¾ chodÃ­ trenÃ©r Corony, Å¾e? ÄŒepice dobrÃ¡! PÅ™Ã­liÅ¡ blÃ­zko u sebe. Na e Äasto ""pÅ™es rozum vyletÃ­te!"	1
COVID-19	1436444962485329920	http://twitter.com/user/status/1436444962485329920	"NemÅ¯Å¾ete vychovat vakcÃ­nu proti rychlosti mutacÃ­, proti viru neexistuje Å¾Ã¡dnÃ¡ vakcÃ­na, mÄ›ly by se pouÅ¾Ã­vat lÃ©ÄebnÃ© metody, kterÃ© posilujÃ­ imunitnÃ­ systÃ©m."""	0
COVID-19	1270800956335194113	http://twitter.com/user/status/1270800956335194113	NANOÄŒIP SE STÃVÃ REALITOU! FAÅ ISTICKÃ SUPERSTÃT nebo STARÃ NORMÃL? 99,75 % NizozemcÅ¯ nemÄ›lo svar z korony. Od mÄ›sÃ­ce, kdy ji Äetli VÅ ICHNI. #coronamaa domluvte #samens erk #coronavirus h ps:// .co/JjQAHhsT5H	1
COVID-19	1435304288104898568	http://twitter.com/user/status/1435304288104898568	ZinscenovanÃ¡ finanÄnÃ­ krize v roce 2008 vydlÃ¡Å¾dila cestu ke kolapsu. Covid je prvnÃ­ krizÃ­ techno-autoritÃ¡Å™skÃ© globÃ¡lnÃ­ Ã©ry, kterÃ¡ se rozpoutala v laboratoÅ™i, a cÃ­lem je pÅ™Ã­mo lidskÃ© tÄ›lo, mozek a mysl. PÅ™Ã­Å¡tÃ­ch 10 let bude nejbolestivÄ›jÅ¡Ã­m obdobÃ­m v dÄ›jinÃ¡ch lidstva.	0
COVID-19	1366820916899020801	http://twitter.com/user/status/1366820916899020801	@nfnfjo pÅ™esunut na milost BoÅ¾Ã­ inÅ¾enÃ½r Hazza Mohammed Abu Talib, Å™editel obce zdymadla potÃ©, co si vzal vakcÃ­nu Corona a recidivoval kvÅ¯li slabosti krevnÃ­ch destiÄek UpÅ™Ã­mnou soustrast rodinÄ› zesnulÃ©ho a obyvatelÅ¯m vesnice Abu Hajar Al-Aala obecnÄ› a Bohu a k nÄ›mu se vracÃ­me, kÃ©Å¾ se nad nÃ­m BÅ¯h smiluje a odpustÃ­ mu a umÃ­stÃ­ ho do svÃ½ch nejÅ¡irÅ¡Ã­ch nebes https://t.co/qLZICLg6rB	1
COVID-19	1367134718714642432	http://twitter.com/user/status/1367134718714642432	Jste pro/proti povinnÃ©mu oÄkovÃ¡nÃ­ proti koronÄ›? A proÄ â€”â€”â€”â€”- toto tÃ©ma ÃºstÅ™ednÃ­m tÃ©matem zÃ­tÅ™ejÅ¡Ã­ho diskusnÃ­ho zasedÃ¡nÃ­ KuvajtskÃ© vÄ›deckÃ© spoleÄnosti.	0
COVID-19	1434411386919170050	http://twitter.com/user/status/1434411386919170050	LÃ­dÅ™i nÃ¡rodnÃ­ch stÃ¡tÅ¯, kteÅ™Ã­ bezpodmÃ­neÄnÄ› pÅ™Ã­sahali vÄ›rnost WHO a politice Covid, dÄ›lajÃ­ klÃ­Ä k jednotnÃ©mu svÄ›tovÃ©mu stÃ¡tu.	0
COVID-19	1356488314791075840	http://twitter.com/user/status/1356488314791075840	Hard and early en nie hard en e laa ...  MyslÃ­m si, Å¾e je to dobrÃ¡ Å¡ance, jak zaÄÃ­t regionÃ¡lnÄ›, myslÃ­m, Å¾e je to dobrÃ¡ Å¡ance uvolnit pravidla.   @alexwfriedrich1: ProÄ nemusÃ­te virus pÅ™enÃ¡Å¡et celostÃ¡tnÄ›, ale regionÃ¡lnÄ› ps:// .co/mwTxIEdOeb z @decorresponden #covid19	0
COVID-19	1367486188630781960	http://twitter.com/user/status/1367486188630781960	ÃšÄast starÅ¡Ã­ch lidÃ­ na oÄkovÃ¡nÃ­ proti koronaviru ve FajjÃºmu | Fotografie https://t.co/ehVDTBcwuY	1
COVID-19	1278027452896423936	http://twitter.com/user/status/1278027452896423936	NalÃ©havÃ½ dopis ar sen eg corona maa regeling ğŸ‘‡ğŸ‘‡ğŸ‘‡ h ps:// .co/f fnMNGEUO	0
COVID-19	1367214757418262533	http://twitter.com/user/status/1367214757418262533	VÅ¡iml jsem si pro vÃ¡s sluÅ¾by vzÃ­t si #ÙƒÙˆØ±ÙˆÙ†Ø§ vakcÃ­nu autem. #Ø§Ù„Ø¥Ø®Ø¨Ø§Ø±ÙŠØ© https://t.co/kqQWcq3y4J	1
COVID-19	1270113870250749953	http://twitter.com/user/status/1270113870250749953	Willem Dehan schu er nÃ¡sleduj mÄ› teÄ. ZdÃ¡ se mi to nebezpeÄnÃ© v dobÄ› korony!  (To je asi ÃºroveÅˆ, kterou mÅ¯Å¾ete oÄekÃ¡vat, @WillemDehan sch)	0
COVID-19	1367529741020971018	http://twitter.com/user/status/1367529741020971018	@ABUWAEEL2019 opravdu a to je to, co se stalo a vÄera mÅ¯j lÃ©kaÅ™ a jÃ¡ Å™Ã­kÃ¡me, Å¾e nikdo jinÃ½ neÅ¾ cizinci nemÄ›li prospÄ›ch z vakcÃ­ny Corona v SaÃºdskÃ© ArÃ¡bii !! KÃ©Å¾ BÅ¯h zabije nevÄ›domost a fÃ¡my WhatsApp	0
COVID-19	1363541227979825154	http://twitter.com/user/status/1363541227979825154	@Innpee ersgmai1 JasnÄ›jÅ¡Ã­ pÅ™Ã­klad naprostÃ©ho zÃ¡niku vlÃ¡dy si neumÃ­me pÅ™edstavit. NovÃ¡ #horeca #covid19zwendel	0
COVID-19	1367517988140810249	http://twitter.com/user/status/1367517988140810249	@Talamah21 Haram je neutlaÄuje NÃ¡sir Lahham ochutnal Å™Ã­ci, Å¾e byl oÄkovÃ¡n v BetlÃ©mÄ›, znamenÃ¡ oÄkovÃ¡nÃ­ pro ğŸ˜„ rozhlasovÃ© stanice	0
COVID-19	1457050186455425030	http://twitter.com/user/status/1457050186455425030	"BREAKING: 5. obvod doÄasnÄ› blokuje mandÃ¡t k oÄkovÃ¡nÃ­ OSHA. ""Vzhledem k tomu, Å¾e petice zavdÃ¡vajÃ­ pÅ™Ã­Äinu k domnÄ›nce, Å¾e s mandÃ¡tem existujÃ­ zÃ¡vaÅ¾nÃ© zÃ¡konnÃ© a ÃºstavnÃ­ problÃ©my..."" https://t.co/rdhYyiFKml"	1
COVID-19	1366022852546334721	http://twitter.com/user/status/1366022852546334721	Bulharsko se cviÄenÃ­ NATO nezÃºÄastnÃ­ kvÅ¯li nÃ¡moÅ™nÃ­kÅ¯m nakaÅ¾enÃ½m koronavirem https://t.co/AVUbad7qSp	1
COVID-19	1381658453085728768	http://twitter.com/user/status/1381658453085728768	ZruÅ¡enÃ­ kul by bylo pÅ™ekroÄeno. Corona maa arrange jeÅ¡tÄ› nebyly zruÅ¡eny.	1
COVID-19	1367485980169617420	http://twitter.com/user/status/1367485980169617420	ZahÃ¡jenÃ­ pÅ™ijÃ­mÃ¡nÃ­ novÃ© vakcÃ­ny proti viru Corona dnes v EvropskÃ©m centru v Qena https://t.co/gvPde8Lie0	0
COVID-19	1311988718287441921	http://twitter.com/user/status/1311988718287441921	@Lo eRuy a @innouveau MyslÃ­m, Å¾e v ÄistÃ­rnÃ¡ch odpadnÃ­ch vod alla ie e gis je korona mrtvola a Nebo je ÄistÃ­rna odpadnÃ­ch vod alla ie ve Woerdenu tajnÃ¡ Å¡kolka covid19 Ru e?	0
COVID-19	1367505919144325120	http://twitter.com/user/status/1367505919144325120	Egypt obdrÅ¾el 350 000 dÃ¡vek vakcÃ­ny vyvinutÃ© ÄÃ­nskou spoleÄnostÃ­ Sinopharm ve dvou dÃ¡vkÃ¡ch a 50 000 dÃ¡vek vakcÃ­nyğŸ‘‡ AstraZeneca https://t.co/3xMqTzqq4D https://t.co/zbYUqIpvm9.	1
COVID-19	1277644662388469760	http://twitter.com/user/status/1277644662388469760	@Zijvannummer93 teÄ! Byl zwaar slyÅ¡et. Ms m'n ouds e mopje en z'n prach ige foukanÃ© coronakapsel kadeÅ™e.	0
COVID-19	1367405809798381572	http://twitter.com/user/status/1367405809798381572	StÃ¡le si pÅ™edem stojÃ­m za svÃ½m nÃ¡zorem, Å¾e spoleÄnost obecnÄ› tÄ›Å¾Ã­ pouze z ÄÃ¡steÄnÃ©ho zÃ¡kazu od 7 do 7 na dobu dvou mÄ›sÃ­cÅ¯, bÄ›hem kterÃ½ch jsou vÅ¡ichni v zemi oÄkovÃ¡ni, a to omezenÃ­m oblastÃ­ po ÄÃ¡stech, a kdo nechce uplatÅˆovat Å¾Ã¡dnÃ½ pÅ™imÄ›Å™enÃ½ trest (obÄan ho nikde nepÅ™ijme a rezident je deported@KuwaitiCM	0
COVID-19	1367536126425255938	http://twitter.com/user/status/1367536126425255938	@mb9955hotmailc1 @Mimisbrunnr0 nenÃ­ definitivnÃ­ vakcÃ­na, kterÃ¡ vÃ¡s ochrÃ¡nÃ­ pÅ™ed chÅ™ipkou na celÃ½ Å¾ivot, ale vakcÃ­na, kterÃ¡ se kaÅ¾dÃ½ rok mÄ›nÃ­, protoÅ¾e ztrÃ¡cÃ­ svÅ¯j ÃºÄinek v dÅ¯sledku probÃ­hajÃ­cÃ­ mutace viru.	0
COVID-19	1353617194157035522	http://twitter.com/user/status/1353617194157035522	"GGD zaÄalo v ÃºterÃ½ oÄkovÃ¡nÃ­m devÃ­ti lidÃ­ Å¾ijÃ­cÃ­ch doma h ps:// .co/ R5ZyLQwka pÅ™es @NUnl takÅ¾e Å¾Ã¡dnÃ½ koronavirus, ale moÅ¾nÃ¡ dalÅ¡Ã­ oÅ¡klivÃ© nemocnÃ© e "" dement, tj "", af ak "" e hic dilemata"	1
COVID-19	1367526812084011012	http://twitter.com/user/status/1367526812084011012	@najd2040 @Mnso122 @SaudiNews50 moru a vakcÃ­nÄ› proti neÅ¡tovicÃ­m a dÄ›tskÃ© obrnÄ› a zardÄ›nkÃ¡m a mnoha dalÅ¡Ã­m VakcÃ­na proti neÅ¡tovicÃ­m byla urÄena pro jednotku, kterÃ¡ pÅ™ed vakcÃ­nou zabila 500 milionÅ¯ lidÃ­ Jsme zÃ¡vislÃ­ na Bohu a naÅ¡Ã­ vlÃ¡dÄ› a dÄ›kujeme Bohu	1
COVID-19	1321599858004865030	http://twitter.com/user/status/1321599858004865030	#Ru a #Hugodejonge Å¡uplÃ­ku a oklamat se pÃ©ÄÃ­ a #RIVM. PodÃ­vejte se, jakÃ© jsou jejich zÃ¡jmy, a pak uvidÃ­te, Å¾e je celÃ½ politickÃ½ a jde mu o penÃ­ze. Je dojemnÃ©, Å¾e na zÃ¡dech nemocnÃ½ch se tato rozpoÄtovÃ¡ vÃ¡lka vede a stÃ¡vÃ¡.	1
COVID-19	1411659767714615297	http://twitter.com/user/status/1411659767714615297	DalÅ¡Ã­m zÃ¡bavnÃ½m faktem, kterÃ½m nejsem, je, Å¾e se jednÃ¡ o nejvÄ›tÅ¡Ã­ akci v EvropÄ› od zaÄÃ¡tku korony	0
COVID-19	1345865304539324420	http://twitter.com/user/status/1345865304539324420	Proto jsem se rozhodl a Å¾e se 1. Äervence 2021 vrÃ¡tÃ­m ke svÃ©mu normÃ¡lnÃ­mu Å¾ivotu, bez ohledu na to, co v tuto chvÃ­li povaÅ¾ujete za vhodnÃ©. ExistujÃ­ malÃ© zemÄ›, kterÃ© zvlÃ¡dnou provÃ©st 150000 oÄkovÃ¡nÃ­ dennÄ›. Co si nechÃ¡vÃ¡te? VaÅ¡e bezprecedentnÃ­ moÅ¾nosti? 4/4 #covid19be	1
COVID-19	1366854317970493441	http://twitter.com/user/status/1366854317970493441	"Ministerstvo zdravotnictvÃ­ schvaluje ""lÃ©kÃ¡rny Al-Dawaa"", aby ve svÃ½ch poboÄkÃ¡ch poskytovaly vakcÃ­ny proti #ÙƒÙˆØ±ÙˆÙ†Ø§ viru. (Vlast) https://t.co/xcxdpAvWS2"	1
COVID-19	1367518750702927873	http://twitter.com/user/status/1367518750702927873	@SaudiNews50 to je nÄ›co, co se stane nÃ¡m v SaÃºdskÃ© ArÃ¡bii, pokud dosÃ¡hneme 27 milionÅ¯. Chlapi, milion pÅ™Ã­jemcÅ¯ vakcÃ­ny a nic jim nepÅ™iÅ¡lo, dÃ­ky bohu, vÄ›tÅ¡ina z nich je horko, letargie a lenost, a to je normÃ¡lnÃ­, a jÃ¡ jsem se nechal oÄkovat. Pokud budeme pokraÄovat v tÃ©to situaci bez oÄkovÃ¡nÃ­, Corona nemÅ¯Å¾e skonÄit, protoÅ¾e vÄ›tÅ¡ina populace je neoÄkovanÃ¡ a neoÄkovanÃ¡	1
COVID-19	1428243975048241153	http://twitter.com/user/status/1428243975048241153	"Cokoli, na co se student zeptÃ¡: ""Co nÃ¡m to pÅ™inese v reÃ¡lnÃ©m Å¾ivotÄ›?"", je ve skuteÄnosti pÅ™Ã­leÅ¾itost, jak ho zachrÃ¡nit pÅ™ed tÃ­m, aby se stal plochozemcem, antivaxxerem, milovnÃ­kem homeopatie nebo astrologie. ZÃ¡klady fyziky, geometrie, biologie a filozofie jsou nezbytnÃ© pro kaÅ¾dÃ©ho."	0
COVID-19	1367517139125604362	http://twitter.com/user/status/1367517139125604362	Po tomto odpoledni, ve Ätvrtek 20. dne / Rajab, byla podÃ¡na vakcÃ­na Corona, chvÃ¡la Bohu, v sÃ­dle kulturnÃ­ho centra v guvernorÃ¡tu Maysan a byl jsem dobÅ™e pÅ™ijat. A organizace a uspoÅ™Ã¡dÃ¡nÃ­ zdravotnÃ­kÅ¯ ve VÅ¡eobecnÃ© nemocnici guvernÃ©ra Maysan: DÄ›kuji naÅ¡emu moudrÃ©mu vedenÃ­ a ministerstvu zdravotnictvÃ­ za toto obrovskÃ© a vÃ½znamnÃ© ğŸŒ¹ ÃºsilÃ­ https://t.co/PVM0D8oOUN	1
COVID-19	1467072355432374272	http://twitter.com/user/status/1467072355432374272	Dnes je to 9 mÄ›sÃ­cÅ¯, co jsem doma zkolabovala 14 dnÃ­ po svÃ© 1. AstraZenece. Jsem tady, kdyÅ¾ bych nemÄ›la. PÅ™iÅ¡el jsem o levou nohu nad kolenem a mÃ¡m spoustu dalÅ¡Ã­ch vÄ›cÃ­. To vÅ¡e z vakcÃ­ny. Byl jsem opravdu fit a zdravÃ½ ÄlovÄ›k bez jakÃ½chkoli zdravotnÃ­ch problÃ©mÅ¯.	1
COVID-19	1367493503765385227	http://twitter.com/user/status/1367493503765385227	Skupina, kterÃ¡ se zaregistrovala k tÃ©to vakcÃ­nÄ› Corona nebo se jÃ­ ğŸ˜‚ bojÃ­	0
COVID-19	1427718993352200204	http://twitter.com/user/status/1427718993352200204	Kdo Å™Ã­kÃ¡, Å¾e by se vakcÃ­nou proti koronaviru mÄ›ly oÄkovat i dÄ›ti? Od zÃ­tÅ™ka pro vÃ¡s zaÄneme pÅ™ichÃ¡zet pÅ™ed spravedlnost. PoÄkej. Tato vaÅ¡e jedovatÃ¡ slova spolknete.	0
COVID-19	1367512219395764227	http://twitter.com/user/status/1367512219395764227	Na zaÄÃ¡tku Corony byl poÄet infekcÃ­ normÃ¡lnÃ­, tÃ©mÄ›Å™ stejnÃ½ poÄet vÃ½tÄ›rÅ¯, nynÃ­ je to naopak, oÄkovÃ¡nÃ­ a zÃ¡kaz a poÄet se zvyÅ¡uje, nÄ›co je Å¡patnÄ›. #Ø­Ø¸Ø±_Ø¬Ø²Ø¦ÙŠ #Ù…Ø¬Ù„Ø³_Ø§Ù„ÙˆØ²Ø±Ø§Ø¡	0
COVID-19	1349630501464768513	http://twitter.com/user/status/1349630501464768513	@jack ax_jacques @deluipaard @groeneVinvis @WimVanhaecke Mimochodem, ve Flandrech, velmi nesouvisejÃ­cÃ­ a nezÃ¡visle na prÃ¡vnÃ­ch aspektech, vidÃ­te, Å¾e lidÃ© vyuÅ¾Ã­vajÃ­ svobody jmen in con gus o. Zkoumal nÄ›kdy nÄ›kdo, proÄ se napÅ™Ã­klad v ItÃ¡lii lidÃ© takÃ© dÃ­vajÃ­ na anglo-americkÃ© popcule hodiny a hle, ale jmÃ©na...	1
COVID-19	1258604563952742400	http://twitter.com/user/status/1258604563952742400	Co vÃ¡m chybÃ­ #COVID19 #Covid19NL #coronamaa uspoÅ™Ã¡dÃ¡nÃ­ #coronavirus #Covid_19 #Nieuws #Ru #Nederland #coronadeba #voe plesovÃ© #versoepeling #depeling	0
COVID-19	1377989977779363849	http://twitter.com/user/status/1377989977779363849	Jste od roku 2010 hlavnÃ­m sponzorem #roei eam @Deu schland8er? MistrovstvÃ­ EU v ItÃ¡lii (9.â€“11. dubna) znamenÃ¡ konec olympijskÃ© sezÃ³ny. Doufejme, Å¾e po dlouhÃ©m deÅ¡ti trvajÃ­cÃ­m 1,5 roku si v Tokiu koneÄnÄ› splnÃ­ svÃ© sny o zlatÄ›! ğŸ†ğŸš£ğŸ‘ h ps:// .co/LsLc9hFnZO	0
COVID-19	1381662973551276035	http://twitter.com/user/status/1381662973551276035	@RTLnieuws Prima ijds ip voor di kind es es!	0
COVID-19	1410857438841016322	http://twitter.com/user/status/1410857438841016322	KoneckoncÅ¯; * DoporuÄuji 3. dÃ¡vku bioNTechu tÄ›m, kteÅ™Ã­ majÃ­ za sebou 2 dÃ¡vky Sinovacu. * Ti, kteÅ™Ã­ majÃ­ za sebou 2 dÃ¡vky BioNTechu, nepotÅ™ebujÃ­ 3. dÃ¡vku (zatÃ­m) * TÄ›m, kteÅ™Ã­ prodÄ›lali covid, staÄÃ­ po 3 mÄ›sÃ­cÃ­ch podat jednu dÃ¡vku BioNTechu a 2. dÃ¡vka je takÃ© Å¡kodlivÃ¡.	1
COVID-19	1334400738269798401	http://twitter.com/user/status/1334400738269798401	UspoÅ™Ã¡dejte vÃ¡noÄnÃ­ mÅ¡e a veÄÃ­rky dny corona-Mon ve Å panÄ›lsku h ps:// .co/WcL10FhITe h ps:// .co/qk85XdPHl2	0
COVID-19	1257206855203422211	http://twitter.com/user/status/1257206855203422211	To je dÅ¯vod, proÄ zvolÃ­te ex ra 0 pro volÃ¡nÃ­ na zahraniÄnÃ­ linku, ale nechcete pracovat, protoÅ¾e pracujete doma. ğŸ˜¬ #gewoon chovÃ¡nÃ­ # domÃ¡cÃ­ Ãºkoly#corona #he na kterÃ© si nezvykÃ¡te	0
COVID-19	1367454659686903808	http://twitter.com/user/status/1367454659686903808	ZdravÃ­: Ti, kteÅ™Ã­ dostali vakcÃ­nu Corona, nesmÃ­ pÅ™ijÃ­t do kontaktu s osobami nakaÅ¾enÃ½mi Coronou, dokud neuplyne stanovenÃ¡ doba.	1
COVID-19	1367507594353467402	http://twitter.com/user/status/1367507594353467402	@HalEnzi27 chci Å™Ã­ct, Å¾e rozhodnutÃ­ potÅ™ebujÃ­ vakcÃ­nu, tisÃ­cerou hloupost, ne Coronu	0
COVID-19	1418799318375542789	http://twitter.com/user/status/1418799318375542789	V naÅ¡Ã­ oÄkovacÃ­ kampani jsme proÅ¡li celkem 65 MILIONY DÃVEK. ÃšspÄ›ch je bÄ›Å¾nÃ½ a skvÄ›lÃ½. NezapomÃ­nejme vÅ¡ak, Å¾e poÄet lidÃ­ ve vÄ›ku 18 a vÃ­ce let, kteÅ™Ã­ dosud nebyli oÄkovÃ¡ni, se blÃ­Å¾Ã­ 23 milionÅ¯m. To je vÃ¡Å¾nÃ¡ slabina. DOSTANEME PRVNÃ DÃVKU BEZ PRODLENÃ.	1
COVID-19	1319558203613548545	http://twitter.com/user/status/1319558203613548545	@Vincen VQ @MonsBer @VokaWVL @crevi s @JanJambon @alexanderdecroo NebezpeÄÃ­ odÄ›ru na raketÃ¡ch? V belgickÃ½ch parcÃ­ch je povinnÃ© nosit rouÅ¡ku a nosit rouÅ¡ku. NavÃ­c uvidÃ­te maximÃ¡lnÄ› nÄ›kolik minut, zatÃ­mco #Coronaler zaznamenajÃ­ con ac pas reer po 15 minutÃ¡ch. ğŸ˜•	1
COVID-19	1367524761870475273	http://twitter.com/user/status/1367524761870475273	VÃ­ce informacÃ­ o #Ù„Ù‚Ø§Ø­_ÙƒÙˆÙÙŠØ¯_19 dÃ¡rcovskÃ½ch centrech v #Ø§Ù„Ù‚ØµÙŠÙ… najdete zde... ğŸ‘‡ğŸ» https://t.co/Ftyof7N4ty	0
COVID-19	1261714413331124229	http://twitter.com/user/status/1261714413331124229	Do #kapper #grappig vÃ¡s uÅ¡etÅ™Ã­mğŸ˜±ğŸ˜›svÃ©ho #selfie uÅ¾ mÃ¡te dost ğŸ˜‰#zwaar hihihihi ğŸ˜ #Covid19NL #Coronavirusnl h ps:// .co/gI9c0LYrcn	0
